filename,canonical_smiles
1.xyz,c1cc2c3c(c1)B1c4cccc5c4N4c6c(cccc6B6c7cccc8c7N7c9c(cccc9B9c%10cccc(c%10N3c3c1c4c6c7c39)O2)[Se]8)S5
1a.xyz,c1cc2c3c(c1)oc1cccc4c1n3c1c3c5c6c7c1n4c1cccc4[se]c8cccc(c8n7c41)n6c1cccc4sc6cccc(c6n5c41)B23
1B-CzCrs.xyz,Cc1ccc(Oc2cc3c4c(c2-c2ccccc2C)Oc2ccc(C)cc2B4c2cc(C)cc4c5cc(C)ccc5n-3c24)cc1
1pSeXBN.xyz,Cc1ccc(N2c3ccc(C)cc3B3c4cc5c(=O)c6ccccc6[se]c5cc4N(c4c(C)cc(C)cc4C)c4cc(C)cc2c43)cc1
2a.xyz,c1ccc2c(c1)Oc1c3c(c4c5c1N1c6ccccc6Sc6cccc(c61)B5c1cccc5c1N4c1ccccc1[Se]5)Oc1ccccc1B23
2B-CzCrs.xyz,Cc1ccc2c(c1)Oc1c3c4c5c(c1-c1ccccc1C)Oc1ccc(C)cc1B5c1c(C(C)(C)C)ccc5c6ccc(C(C)(C)C)c(c6n-4c15)B23
2Cz-OP-BN.xyz,c1ccc(N2c3cccc4c3B3c5c(cccc5N(c5ccccc5)c5cccc2c53)-c2cc(-n3c5ccccc5c5ccccc53)c(-n3c5ccccc5c5ccccc53)cc2-4)cc1
2O.xyz,CC(C)(C)c1cc2c3c(c1)c(=O)c1cc(C(C)(C)C)cc4c5cc(C(C)(C)C)cc(c5n3c14)[P@@]2(=O)c1ccccc1
2P.xyz,CC(C)(C)c1cc2c3c(c1)c(=O)c1cc(C(C)(C)C)cc4c5cc(C(C)(C)C)cc(c5n3c14)P2c1ccccc1
2PO.xyz,CC(C)(C)c1ccc2c(c1)c1cc(C(C)(C)C)cc3c1n2-c1cc2c(cc1[P@@]3(=O)c1ccccc1)-n1c3ccc(C(C)(C)C)cc3c3cc(C(C)(C)C)cc(c31)[P@]2(=O)c1ccccc1
2PS.xyz,CC(C)(C)c1ccc2c(c1)[P@@](=S)(c1ccccc1)c1cc(C(C)(C)C)cc3c4cc(C(C)(C)C)ccc4n-2c13
2S.xyz,CC(C)(C)c1cc2c3c(c1)c(=O)c1cc(C(C)(C)C)cc4c5cc(C(C)(C)C)cc(c5n3c14)[P@@]2(=S)c1ccccc1
2tBuPQCZ.xyz,CC(C)(C)c1cc(-c2ccc3c(c2)c(=O)c2cccc4c(=O)c5cc(-c6cc(C(C)(C)C)cc(C(C)(C)C)c6)ccc5n3c24)cc(C(C)(C)C)c1
3BON.xyz,c1cc2c3c(c1)OB1c4ccccc4N4c5ccccc5B5c6ccccc6N6c7ccccc7B(O2)c2c-3c1c4c5c26
3O.xyz,CC[C@@H](C)c1ccc2c(c1)c(=O)c1cc([C@H](C)CC)cc3c4cc5c(cc4n2c13)c1cc([C@@H](C)CC)cc2c(=O)c3cc([C@@H](C)CC)ccc3n5c21
4F-BOB4.xyz,CC(C)(C)c1ccc2c(c1)Oc1cc3c(c4c1B2c1ccc(C(C)(C)C)cc1O4)B1c2ccccc2N2c4ccccc4B4c5c(cc(c1c52)N3c1c(F)cccc1F)B1c2ccccc2N(c2c(F)cccc2F)c2cc3oc5cc(C(C)(C)C)ccc5c3c4c21
4M-BOB4.xyz,Cc1cc(C)cc(N2c3cc4c5c(c3B3c6ccccc6N6c7ccccc7B7c8c(cc9c%10c8Oc8cc(C(C)(C)C)ccc8B%10c8ccc(C(C)(C)C)cc8O9)N(c8cc(C)cc(C)c8)c8cc2c3c6c87)Oc2cc(C(C)(C)C)ccc2B5c2ccc(C(C)(C)C)cc2O4)c1
4TCzBNCN.xyz,N#Cc1c(-n2c3ccccc3c3ccccc32)c(-n2c3ccccc3c3ccccc32)c(-c2cc3c4c(c2)-n2c5ccccc5c5cccc(c52)B4c2cccc4c5ccccc5n-3c24)c(-n2c3ccccc3c3ccccc32)c1-n1c2ccccc2c2ccccc21
6TBN.xyz,CC(C)(C)c1ccc2c(c1)c1cc(C(C)(C)C)ccc1n2-c1cc(-n2c3ccc(C(C)(C)C)cc3c3cc(C(C)(C)C)ccc32)c(-n2c3ccc(C(C)(C)C)cc3c3cc(C(C)(C)C)ccc32)c(-c2cc3c4c(c2)-n2c5ccc(C(C)(C)C)cc5c5cc(C(C)(C)C)cc(c52)B4c2cc(C(C)(C)C)cc4c5cc(C(C)(C)C)ccc5n-3c24)c1-n1c2ccc(C(C)(C)C)cc2c2cc(C(C)(C)C)ccc21
A-BN.xyz,Cc1cc2N(c3c(C)cc(cc3C)C)c3cc4c(cc3B3c2c(c1)N(c1ccccc1)c1c3cccc1)c1c([C@@]24[C@@H]3C[C@@H]4C[C@H]2C[C@H](C3)C4)cccc1
A-DBN.xyz,Cc1cc(C)c(N2c3cc4c(cc3B3c5ccccc5N(c5ccccc5)c5cc(C)cc2c53)-c2cc3c(cc2C42[C@H]4C[C@@H]5C[C@@H](C[C@H]2C5)C4)N(c2c(C)cc(C)cc2C)c2cc(C)cc4c2B3c2ccccc2N4c2ccccc2)c(C)c1
ACR-BNCz.xyz,CC(C)(C)c1ccc2c(c1)c1cc(C(C)(C)C)cc3c1n2-c1cc(-c2ccc(N4c5ccccc5C(C)(C)c5ccccc54)cc2)cc2c1B3c1cc(C(C)(C)C)cc3c4cc(C(C)(C)C)ccc4n-2c13
ACz-BN1.xyz,CC(C)(C)c1ccc2c(c1)c1cc(C(C)(C)C)cc3c1n2-c1cc2c(c4c1B3c1cc(C(C)(C)C)cc3c5cc(C(C)(C)C)ccc5n-4c13)-c1ccccc1-n1c3ccccc3c3cccc-2c31
ACz-BN2.xyz,CC(C)(C)c1ccc2c(c1)c1cc(C(C)(C)C)cc3c1n2-c1cc2c(c4c1B3c1cc(C(C)(C)C)cc3c5cc(C(C)(C)C)ccc5n-4c13)-c1ccccc1-n1c3ccc(C(C)(C)C)cc3c3cc(C(C)(C)C)cc-2c31
ACz-BN3.xyz,CC(C)(C)c1ccc2c(c1)c1cc(C(C)(C)C)cc3c1n2-c1cc2c(c4c1B3c1cc(C(C)(C)C)cc3c5cc(C(C)(C)C)ccc5n-4c13)-c1cccc3c4ccccc4n(c13)-c1ccccc1-2
ACz-BN4.xyz,CC(C)(C)c1ccc2c(c1)c1cc(C(C)(C)C)cc3c1n2-c1cc2c(c4c1B3c1cc(C(C)(C)C)cc3c5ccccc5n-4c13)-c1cc(C(C)(C)C)cc3c4cc(C(C)(C)C)ccc4n(c13)-c1ccccc1-2
Asym-DiDiKTa.xyz,CC[C@@H](C)c1cc2c(=O)c3ccccc3n3c4cc5c(=O)c6cccc7c(=O)c8cc([C@@H](C)CC)ccc8n(c5cc4c(=O)c(c1)c23)c76
BBCz-1Te.xyz,CC(C)(C)c1ccc2c(c1)c1cc(C(C)(C)C)cc3c1n2-c1cc(-c2cccc4[te]c5ccccc5c24)cc2c1B3c1cc(C(C)(C)C)cc3c4cc(C(C)(C)C)ccc4n-2c13
BBCz-2Te.xyz,CC(C)(C)c1ccc2c(c1)c1cc(C(C)(C)C)cc3c1n2-c1cc(-c2ccc4[te]c5ccccc5c4c2)cc2c1B3c1cc(C(C)(C)C)cc3c4cc(C(C)(C)C)ccc4n-2c13
BBCz-3Te.xyz,CC(C)(C)c1ccc2c(c1)c1cc(C(C)(C)C)cc3c1n2-c1cc(-c2ccc4c(c2)[te]c2ccccc24)cc2c1B3c1cc(C(C)(C)C)cc3c4cc(C(C)(C)C)ccc4n-2c13
BCz-BN.xyz,CC(C)(C)c1ccc2c(c1)B1c3c(c4c5c(c3-n3c6ccc7ccccc7c6c6c7ccccc7cc1c63)Oc1ccc(C(C)(C)C)cc1B5c1cc3ccccc3c3c5c6ccccc6ccc5n-4c13)O2
BCz-R-BN.xyz,CC(C)(C)c1ccc2c(c1)c1cc(C(C)(C)C)cc3c1n2-c1c2c(c4c5c1-n1c6ccc7ccccc7c6c6c7ccccc7cc(c61)B5c1cc(C(C)(C)C)cc5c6cc(C(C)(C)C)ccc6n-4c15)-n1c4ccc5ccccc5c4c4c5ccccc5cc(c41)B23
BCz-SCz.xyz,CC(C)(C)c1ccc2c(c1)c1cc(C(C)(C)C)ccc1n2-c1cc2c3c4c1c1ccccc1n4-c1ccccc1B3c1cc(C(C)(C)C)cc3c4cc(C(C)(C)C)ccc4n-2c13
BCzBNSS-1.xyz,CC(C)(C)c1cc(-c2cc3c4c(c2)-n2c5c(cccc5c5ccc6c7ccccc7sc6c52)B4c2cccc4c5ccc6c7ccccc7sc6c5n-3c24)cc(C(C)(C)C)c1
BCzBNSS-2.xyz,CC(C)(C)c1cc(-c2cc3c4c(c2)-n2c5c(cccc5c5ccc6c7ccccc7sc6c52)B4c2cc4sc5ccccc5c4c4c5ccccc5n-3c24)cc(C(C)(C)C)c1
BCzBNSSe.xyz,CC(C)(C)c1cc(-c2cc3c4c(c2)-n2c5c(cccc5c5ccc6c7ccccc7sc6c52)B4c2cc4[se]c5ccccc5c4c4c5ccccc5n-3c24)cc(C(C)(C)C)c1
BDQuAc_S0.xyz,CC1(C)c2ccccc2N2c3ccccc3N3c4cccc5c4B(c4ccc1c2c43)c1ccc2c3c1N5c1ccccc1N3c1ccccc1C2(C)C
BDSpQuAc_S0.xyz,c1ccc2c(c1)N1c3cccc4c3B(c3ccc5c(c31)N2c1ccccc1[C@]51c2ccccc2-c2ccccc21)c1ccc2c3c1N4c1ccccc1N3c1ccccc1[C@]21c2ccccc2-c2ccccc21
BFC-BN.xyz,CC(C)(C)c1ccc(N(c2ccc(C(C)(C)C)cc2)c2cc3c4c(c2)-n2c5c(cccc5c5ccc6c7ccccc7oc6c52)B4c2cc(C(C)(C)C)ccc2N3c2ccc(C(C)(C)C)cc2)cc1
bfDOB-BN1.xyz,Cc1cc(C)c(N2c3ccccc3B3c4c2cc(C)cc4N(c2c(C)cc(C)cc2C)c2cc4c5c(c23)Oc2ccccc2B5c2ccc3oc5ccccc5c3c2O4)c(C)c1
bfDOB-BN2.xyz,Cc1cc(C)c(N2c3ccccc3B3c4c2cc(C)cc4N(c2c(C)cc(C)cc2C)c2cc4c5c(c23)Oc2cc3c(cc2B5c2ccc5oc6ccccc6c5c2O4)oc2ccccc23)c(C)c1
bfDOB-BN3.xyz,Cc1cc(C)c(N2c3ccccc3B3c4c2cc(C)cc4N(c2c(C)cc(C)cc2C)c2cc4c5c(c23)Oc2cc3c(cc2B5c2cc5oc6ccccc6c5cc2O4)oc2ccccc23)c(C)c1
BIC-mCz.xyz,CC[C@@H](C)c1ccc2c(c1)c1cc([C@H](C)CC)ccc1n2-c1ccc2c(c1)-n1c3ccc([C@H](C)CC)cc3c3cc([C@@H](C)CC)cc(c31)B2c1c(C)cc(C)cc1C
BIC-pCz.xyz,CC[C@@H](C)c1ccc2c(c1)c1cc(C)ccc1n2-c1ccc2c(c1)B(c1c(C)cc(C)cc1C)c1cc([C@H](C)CC)cc3c4cc([C@@H](C)CC)ccc4n-2c13
BM-1.xyz,Cc1ccc(N(c2cc3c4c(c2)N(c2c(C)cccc2C)c2ccc(C)cc2B4c2cc(C)ccc2N3c2c(C)cccc2C)c2c(C)cccc2C)cc1
BN(p)SCH3.xyz,CSc1cc2c3c(c1)-n1c4ccc(C(C)(C)C)cc4c4cc(C(C)(C)C)cc(c41)B3c1cc(C(C)(C)C)cc3c4cc(C(C)(C)C)ccc4n-2c13
BN(p)SO2CH3.xyz,CC(C)(C)c1ccc2c(c1)c1cc(C(C)(C)C)cc3c1n2-c1cc(S(C)(=O)=O)cc2c1B3c1cc(C(C)(C)C)cc3c4cc(C(C)(C)C)ccc4n-2c13
BN(p)SOCH3.xyz,CS(=O)c1cc2c3c(c1)-n1c4ccc(C(C)(C)C)cc4c4cc(C(C)(C)C)cc(c41)B3c1cc(C(C)(C)C)cc3c4cc(C(C)(C)C)ccc4n-2c13
BN-1TPh.xyz,CC(C)(C)c1ccc2c(c1)c1cc(C(C)(C)C)cc3c1n2-c1cc(-c2ccccc2-c2cc(-c4ccccc4)cc(-c4ccccc4)c2)cc2c1B3c1cc(C(C)(C)C)cc3c4cc(C(C)(C)C)ccc4n-2c13
BN-27Cz-BN.xyz,CC(C)n1c2cc(-c3cc4c5c(c3)-n3c6ccc(C(C)(C)C)cc6c6cc(C(C)(C)C)cc(c63)B5c3cc(C(C)(C)C)cc5c6cc(C(C)(C)C)ccc6n-4c35)ccc2c2ccc(-c3cc4c5c(c3)-n3c6ccc(C(C)(C)C)cc6c6cc(C(C)(C)C)cc(c63)B5c3cc(C(C)(C)C)cc5c6cc(C(C)(C)C)ccc6n-4c35)cc21
BN-2TPh.xyz,CC(C)(C)c1ccc2c(c1)c1cc(C(C)(C)C)cc3c1n2-c1cc(-c2c(-c4ccccc4)cc(-c4ccccc4)cc2-c2ccccc2)cc2c1B3c1cc(C(C)(C)C)cc3c4cc(C(C)(C)C)ccc4n-2c13
BN-36Cz-BN.xyz,CC(C)n1c2ccc(-c3cc4c5c(c3)-n3c6ccc(C(C)(C)C)cc6c6cc(C(C)(C)C)cc(c63)B5c3cc(C(C)(C)C)cc5c6cc(C(C)(C)C)ccc6n-4c35)cc2c2cc(-c3cc4c5c(c3)-n3c6ccc(C(C)(C)C)cc6c6cc(C(C)(C)C)cc(c63)B5c3cc(C(C)(C)C)cc5c6cc(C(C)(C)C)ccc6n-4c35)ccc21
BN-BO.xyz,CC(C)(C)c1ccc2c(c1)B1c3cc(C(C)(C)C)ccc3Oc3cc(-c4cc5c6c(c4)-n4c7ccc(C(C)(C)C)cc7c7cc(C(C)(C)C)cc(c74)B6c4cc(C(C)(C)C)cc6c7cc(C(C)(C)C)ccc7n-5c46)cc(c31)O2
BN-C.xyz,CC(C)(C)c1ccc2c(c1)c1cc(C(C)(C)C)cc3c1n2-c1cc(N2c4ccccc4C(c4ccccc4)(c4ccccc4)c4ccccc42)cc2c1B3c1cc(C(C)(C)C)cc3c4cc(C(C)(C)C)ccc4n-2c13
BN-Cb.xyz,CCCCn1c2cccnc2c2cc3c4c(c21)-n1c2ccc(C(C)(C)C)cc2c2cc(C(C)(C)C)cc(c21)B4c1cc(C(C)(C)C)cc2c4cc(C(C)(C)C)ccc4n-3c12
BN-Cz.xyz,CCCCn1c2ccccc2c2cc3c4c(c21)-n1c2ccc(C(C)(C)C)cc2c2cc(C(C)(C)C)cc(c21)B4c1cc(C(C)(C)C)cc2c4cc(C(C)(C)C)ccc4n-3c12
BN-DBC.xyz,CC(C)(C)c1ccc2c(c1)c1cc(C(C)(C)C)cc3c1n2-c1cc2c4ccccc4c4c5ccccc5c5ccccc5c4c2c2c1B3c1cc(C(C)(C)C)cc3c4cc(C(C)(C)C)ccc4n-2c13
BN-FLCz.xyz,CC(C)(C)c1ccc2c(c1)cc1n2-c2ccc3c4c2B1c1cc(C(C)(C)C)cc2c5cc(C(C)(C)C)cc(c5n-4c12)[C@]31c2ccccc2-c2cccc(-c3ccc(-n4c5ccccc5c5ccccc54)cc3)c21
BN-FLTPA.xyz,CC(C)c1cc2c3c(c1)c1cc(C(C)(C)C)cc4c1n3-c1c(ccc3c1B4c1cc(C(C)(C)C)cc4c5cc(C(C)(C)C)ccc5n-3c14)[C@@]21c2ccccc2-c2cccc(-c3ccc(N(c4ccccc4)c4ccccc4)cc3)c21
BN-Ge.xyz,CC(C)(C)c1ccc2c(c1)c1cc(C(C)(C)C)cc3c1n2-c1cc(N2c4cccc[c]4[Ge]([c]4ccccc4)([c]4ccccc4)[c]4ccccc42)cc2c1B3c1cc(C(C)(C)C)cc3c4cc(C(C)(C)C)ccc4n-2c13
BN-N-BN.xyz,CC(C)(C)c1ccc2c(c1)c1cc(C(C)(C)C)cc3c1n2-c1cccc2c1B3c1cc(C(C)(C)C)cc3c4c(-c5cccc6cccc(-c7c(C(C)(C)C)ccc8c7c7cc(C(C)(C)C)cc9c7n8-c7cccc8c7B9c7cc(C(C)(C)C)cc9c%10cc(C(C)(C)C)ccc%10n-8c79)c56)c(C(C)(C)C)ccc4n-2c13
BN-N-PCz.xyz,CC(C)(C)c1ccc2c(c1)c1cc(C(C)(C)C)cc3c1n2-c1cc(-c2cccc4cccc(-c5ccc(-n6c7ccccc7c7ccccc76)cc5)c24)cc2c1B3c1cc(C(C)(C)C)cc3c4cc(C(C)(C)C)ccc4n-2c13
BN-N-TTz.xyz,CC(C)(C)c1ccc2c(c1)c1cc(C(C)(C)C)cc3c1n2-c1cc(-c2cccc4cccc(-c5ccc(-c6nc(-c7ccccc7)nc(-c7ccccc7)n6)cc5)c24)cc2c1B3c1cc(C(C)(C)C)cc3c4cc(C(C)(C)C)ccc4n-2c13
BN-OICz.xyz,CC(C)(C)c1ccc2c(c1)c1cc(C(C)(C)C)cc3c1n2-c1cccc2c1B3c1cc3c4cc(C(C)(C)C)cc5c6cc(C(C)(C)C)ccc6n(c3cc1O2)c54
BN-PhCz.xyz,CC(C)(C)c1ccc2c(c1)c1cc(C(C)(C)C)cc3c1n2-c1cc(-c2ccccc2-n2c4ccccc4c4ccccc42)cc2c1B3c1cc(C(C)(C)C)cc3c4cc(C(C)(C)C)ccc4n-2c13
BN-Py.xyz,CC(C)(C)c1ccc2c(c1)c1cc(C(C)(C)C)cc3c1n2-c1cc2c4cccc5ccc6cccc(c2c2c1B3c1cc(C(C)(C)C)cc3c7cc(C(C)(C)C)ccc7n-2c13)c6c54
BN-Q-Ph.xyz,CC(C)(C)c1ccc2c(c1)c1cc(C(C)(C)C)cc3c1n2-c1cc(N2CCN(c4ccccc4)c4ccccc42)cc2c1B3c1cc(C(C)(C)C)cc3c4cc(C(C)(C)C)ccc4n-2c13
BN-Si.xyz,CC(C)(C)c1ccc2c(c1)c1cc(C(C)(C)C)cc3c1n2-c1cc(N2c4ccccc4[Si](c4ccccc4)(c4ccccc4)c4ccccc42)cc2c1B3c1cc(C(C)(C)C)cc3c4cc(C(C)(C)C)ccc4n-2c13
BN-STO.xyz,CC(C)(C)c1ccc2c(c1)c1cc(C(C)(C)C)cc3c1n2-c1cc(-c2ccc4c(=O)c5ccccc5[se]c4c2)cc2c1B3c1cc(C(C)(C)C)cc3c4cc(C(C)(C)C)ccc4n-2c13
BN-tCzPh.xyz,CC(C)(C)c1ccc2c(c1)c1cc(C(C)(C)C)cc(-c3cc4c5c(c3)-n3c6ccc(C(C)(C)C)cc6c6cc(C(C)(C)C)cc(c63)B5c3cc(C(C)(C)C)cc5c6cc(C(C)(C)C)ccc6n-4c35)c1n2-c1ccccc1
BN-XTO.xyz,CC(C)(C)c1ccc2c(c1)c1cc(C(C)(C)C)cc3c1n2-c1cc(-c2ccc4c(=O)c5ccccc5oc4c2)cc2c1B3c1cc(C(C)(C)C)cc3c4cc(C(C)(C)C)ccc4n-2c13
BN1.xyz,CC(C)(C)c1ccc2c(c1)c1cc(C(C)(C)C)cc3c1n2-c1cc(-n2c4ccccc4c4cccc(-c5ccc6c(c5)c5cccc7c5n6-c5ccccc5O7)c42)cc2c1B3c1cc(C(C)(C)C)cc3c4cc(C(C)(C)C)ccc4n-2c13
BN2.xyz,CC(C)(C)c1ccc2c(c1)c1cc(C(C)(C)C)cc3c1n2-c1cc(-n2c4ccccc4c4cccc(-c5ccc6c(c5)c5cccc7c5n6-c5ccccc5S7)c42)cc2c1B3c1cc(C(C)(C)C)cc3c4cc(C(C)(C)C)ccc4n-2c13
BN3.xyz,CC(C)(C)c1ccc2c(c1)c1cc(C(C)(C)C)cc3c1n2-c1cc(-n2c4ccccc4c4cccc(-c5ccc6c(c5)c5cccc7c5n6-c5ccccc5[Se]7)c42)cc2c1B3c1cc(C(C)(C)C)cc3c4cc(C(C)(C)C)ccc4n-2c13
BNAP.xyz,CC(=O)c1ccc(-c2cc3c4c(c2)-n2c5ccc(C(C)(C)C)cc5c5cc(C(C)(C)C)cc(c52)B4c2cc(C(C)(C)C)cc4c5cc(C(C)(C)C)ccc5n-3c24)cc1
BNCz-mTPA.xyz,CC(C)(C)c1ccc2c(c1)c1cc(C(C)(C)C)cc3c1n2-c1cc(-c2cccc(N(c4ccccc4)c4ccccc4)c2)cc2c1B3c1cc(C(C)(C)C)cc3c4cc(C(C)(C)C)ccc4n-2c13
BNCz-n-POABNCz.xyz,CC(C)(C)c1ccc2c(c1)c1cc(C(C)(C)C)cc3c1n2-c1cc(-c2cccc4cccc(-c5cc6c7c(c5)-n5c8ccc(C(C)(C)C)cc8c8cc(C(C)(C)C)cc(c85)B7c5cc(C(C)(C)C)cc7c8cc(C(C)(C)C)ccc8n-6c57)c24)cc2c1B3c1cccc3c1N2c1ccccc1O3
BNCz-pTPA.xyz,CC(C)(C)c1ccc2c(c1)c1cc(C(C)(C)C)cc3c1n2-c1cc(-c2ccc(N(c4ccccc4)c4ccccc4)cc2)cc2c1B3c1cc(C(C)(C)C)cc3c4cc(C(C)(C)C)ccc4n-2c13
BNCz.xyz,CC(C)(C)c1ccc2c(c1)c1cc(C(C)(C)C)cc3c1n2-c1cccc2c1B3c1cc(C(C)(C)C)cc3c4cc(C(C)(C)C)ccc4n-2c13
BNDIP.xyz,CC(C)(C)c1ccc2c(c1)c1cc(C(C)(C)C)cc3c1n2-c1ccccc1N3c1cccc(N2c3ccccc3-n3c4ccc(C(C)(C)C)cc4c4cc(C(C)(C)C)cc2c43)c1Cl
BNDO.xyz,CC(C)(C)c1ccc2c(c1)c(=O)c1cccc3c(=O)c4c5c6c(cc4n2c13)-n1c2ccc(C(C)(C)C)cc2c2cc(C(C)(C)C)cc(c21)B6c1cc(C(C)(C)C)cc2c3cc(C(C)(C)C)ccc3n-5c12
BNIP-CzDPA.xyz,CC(C)(C)c1ccc2c(c1)c1cc(C(C)(C)C)cc3c1n2-c1cccc2c1B3c1cccc3c1B2c1cc(N(c2ccccc2)c2ccccc2)cc2c4cc(N(c5ccccc5)c5ccccc5)ccc4n-3c12
BNIP-tBuCz.xyz,CC(C)(C)c1ccc2c(c1)c1cc(C(C)(C)C)cc3c1n2-c1cccc2c1B3c1cccc3c1B2c1cc(C(C)(C)C)cc2c4cc(C(C)(C)C)ccc4n-3c12
BNIP-tBuDPAC.xyz,CC(C)(C)c1cc2cc(c1)C(C)(C)C(C)(C)c1cc(C(C)(C)C)cc(c1)C21c2ccccc2N2c3cccc4c3B(c3cccc5c3N4c3cc(C(C)(C)C)cc4c6cc(C(C)(C)C)ccc6n-5c34)c3cccc1c32
BNNDI.xyz,CC(C)(C)c1ccc2c(c1)c1cc(C(C)(C)C)cc3c1n2-c1cc(-c2ccc4c5c(cccc25)C(=O)N(c2ccccc2)C4=O)cc2c1B3c1cc(C(C)(C)C)cc3c4cc(C(C)(C)C)ccc4n-2c13
BNO-DMAC.xyz,CC(C)(C)c1ccc2c(c1)B1c3c(cc(N4c5ccccc5C(C)(C)c5ccccc54)cc3-n3c4ccc(C(C)(C)C)cc4c4cc(C(C)(C)C)cc1c43)O2
BNO-DPAC.xyz,CC(C)(C)c1ccc2c(c1)B1c3c(cc(N4c5ccccc5C(c5ccccc5)(c5ccccc5)c5ccccc54)cc3-n3c4ccc(C(C)(C)C)cc4c4cc(C(C)(C)C)cc1c43)O2
BNO-tBuDMAC.xyz,CC(C)(C)c1ccc2c(c1)B1c3c(cc(N4c5ccc(C(C)(C)C)cc5C(C)(C)c5cc(C(C)(C)C)ccc54)cc3-n3c4ccc(C(C)(C)C)cc4c4cc(C(C)(C)C)cc1c43)O2
BNO.xyz,CC(C)(C)c1ccc2c(c1)c(=O)c1ccccc1n2-c1cc2c3c(c1)-n1c4ccc(C(C)(C)C)cc4c4cc(C(C)(C)C)cc(c41)B3c1cc(C(C)(C)C)cc3c4cc(C(C)(C)C)ccc4n-2c13
BNOSe.xyz,CC(C)(C)c1ccc2c(c1)B1c3c(c4c5c(c3-n3c6c1cccc6c1[se]c6ccccc6c13)Oc1ccc(C(C)(C)C)cc1B5c1cccc3c5[se]c6ccccc6c5n-4c13)O2
BNSi.xyz,CC(C)(C)c1ccc2c(c1)c1cc(C(C)(C)C)cc3c1n2-c1cc(N2c4ccccc4[Si](c4ccccc4)(c4ccccc4)c4ccccc42)cc2c1B3c1cc(C(C)(C)C)cc3c4cc(C(C)(C)C)ccc4n-2c13
BNTO.xyz,CC(C)(C)c1ccc2c(c1)c1cc(C(C)(C)C)cc3c1n2-c1c2c(c4c(=O)c5cccc6c(=O)c7cccc8c(=O)c1c4n(c78)c65)-n1c4ccc(C(C)(C)C)cc4c4cc(C(C)(C)C)cc(c41)B23
BNTPA.xyz,Cn1c2ccccc2c2cc3c4c(c21)-n1c2ccc(N(c5ccccc5)c5ccccc5)cc2c2cc(N(c5ccccc5)c5ccccc5)cc(c21)B4c1cc(N(c2ccccc2)c2ccccc2)cc2c4cc(N(c5ccccc5)c5ccccc5)ccc4n-3c12
BNTRZ.xyz,CC(C)(C)c1ccc2c(c1)c1cc(C(C)(C)C)cc3c1n2-c1cc(-c2ccccc2-c2nc(-c4ccccc4)nc(-c4ccccc4)n2)cc2c1B3c1cc(C(C)(C)C)cc3c4cc(C(C)(C)C)ccc4n-2c13
BO-mMeCz.xyz,Cc1ccc2c3ccc(C)cc3n(-c3cc4c5c(c3)Oc3ccc(C(C)(C)C)cc3B5c3cc(C(C)(C)C)ccc3O4)c2c1
BO-MX-ICz.xyz,CC1(C)c2cccc(-c3cc4c5c(c3)Oc3ccccc3B5c3ccccc3O4)c2Oc2c(-c3cc4c5ccccc5n5c6ccccc6c(c3)c45)cccc21
BO-oMeCz.xyz,Cc1cccc2c3cccc(C)c3n(-c3cc4c5c(c3)Oc3ccc(C(C)(C)C)cc3B5c3cc(C(C)(C)C)ccc3O4)c12
BO-pMeCz.xyz,Cc1ccc2c(c1)c1cc(C)ccc1n2-c1cc2c3c(c1)Oc1ccc(C(C)(C)C)cc1B3c1cc(C(C)(C)C)ccc1O2
BS-CZ.xyz,c1ccc2c(c1)Sc1cc(-c3ccc(-n4c5ccccc5c5ccccc54)cc3)cc3c1B2c1ccccc1S3
BS-N.xyz,c1ccc(N(c2ccccc2)c2ccc(-c3cc4c5c(c3)Sc3ccccc3B5c3ccccc3S4)cc2)cc1
BTC-BN.xyz,CC(C)(C)c1ccc(N(c2ccc(C(C)(C)C)cc2)c2cc3c4c(c2)-n2c5c(cccc5c5ccc6c7ccccc7sc6c52)B4c2cc(C(C)(C)C)ccc2N3c2ccc(C(C)(C)C)cc2)cc1
Bz2cb.xyz,c1ccc(-n2c(-c3ccc(-n4c5ccccc5c5cccnc54)cc3-n3c4ccccc4c4cccnc43)nc3ccccc32)cc1
Bz2cbz.xyz,c1ccc(-n2c(-c3ccc(-n4c5ccccc5c5ccccc54)cc3-n3c4ccccc4c4ccccc43)nc3ccccc32)cc1
C-DABNA-MF.xyz,Cc1cc2c3c(c1)N(c1ccccc1C)c1cc4c(cc1B2c1c(C)cccc1C)B1c2cc5c(cc2N(c2ccccc2C)c2cc(C)cc(c21)N4c1ccccc1C)N(c1ccccc1C)c1cc(C)cc2c1B5c1cc(c(C)cc1N2c1c(C)cccc1C)B3c1c(C)cccc1C
CFDBA.xyz,Cc1cc(C)cc(N(c2cc(C)cc(C)c2)c2cc3c4c(c2)N(c2c(C)cc(C)cc2C)c2cc5c(cc2B4c2ccccc2N3c2cc(C)cc(C)c2)c2cc3c(cc2n5-c2ccccc2)N(c2c(C)cc(C)cc2C)c2cc(N(c4cc(C)cc(C)c4)c4cc(C)cc(C)c4)cc4c2B3c2ccccc2N4c2cc(C)cc(C)c2)c1
CFDBCz.xyz,Cc1cc(C)cc(N(c2cc(C)cc(C)c2)c2cc3c4c(c2)-n2c5ccccc5c5cccc(c52)B4c2cc4c5cc6c(cc5n(-c5ccccc5)c4cc2N3c2c(C)cc(C)cc2C)N(c2c(C)cc(C)cc2C)c2cc(N(c3cc(C)cc(C)c3)c3cc(C)cc(C)c3)cc3c2B6c2cccc4c5ccccc5n-3c24)c1
CFDBO.xyz,Cc1cc(C)cc(N(c2cc(C)cc(C)c2)c2cc3c4c(c2)N(c2c(C)cc(C)cc2C)c2cc5c(cc2B4c2ccccc2O3)c2cc3c(cc2n5-c2ccccc2)N(c2c(C)cc(C)cc2C)c2cc(N(c4cc(C)cc(C)c4)c4cc(C)cc(C)c4)cc4c2B3c2ccccc2O4)c1
CNBT1.xyz,N#Cc1cc(-n2c3ccccc3c3c4sc5ccccc5c4ccc32)cc(-n2c3ccccc3c3c4sc5ccccc5c4ccc32)c1
CNBT2.xyz,N#Cc1cc(-n2c3ccccc3c3ccc4c5ccccc5sc4c32)cc(-n2c3ccccc3c3ccc4c5ccccc5sc4c32)c1
CO-BCzBN.xyz,CC(C)(C)c1ccc2c(c1)c1cc(C(C)(C)C)cc3c1n2-c1ccc2c(=O)c4cc(C(C)(C)C)cc5c6cc(C(C)(C)C)cc7c6n(c2c1B37)c45
CO-DABNA.xyz,CC(C)(C)c1ccc(N2c3ccc(C(C)(C)C)cc3B3c4cc(C(C)(C)C)ccc4-n4c5ccc(C(C)(C)C)cc5c(=O)c5ccc2c3c54)cc1
Cz-2BNCZ.xyz,CC(C)(C)c1ccc2c(c1)c1cc(C(C)(C)C)cc3c1n2-c1cc(-n2c4ccccc4c4cc5c(cc42)c2ccccc2n5-c2cc4c5c(c2)-n2c6ccc(C(C)(C)C)cc6c6cc(C(C)(C)C)cc(c62)B5c2cc(C(C)(C)C)cc5c6cc(C(C)(C)C)ccc6n-4c25)cc2c1B3c1cc(C(C)(C)C)cc3c4cc(C(C)(C)C)ccc4n-2c13
Cz-2PTZ-BN .xyz,CC(C)(C)c1ccc2c(c1)c1cc(C(C)(C)C)ccc1n2-c1cc2c3c(c1)N1c4ccccc4Sc4cccc(c41)B3c1cccc3c1N2c1ccccc1S3
Cz-DABNA.xyz,c1ccc(N2c3ccccc3B3c4cc5c(cc4N(c4ccccc4)c4cc(-n6c7ccccc7c7ccccc76)cc2c43)N(c2ccccc2)c2cc(-n3c4ccccc4c4ccccc43)cc3c2B5c2ccccc2N3c2ccccc2)cc1
Cz-DBMR.xyz,c1ccc(N(c2ccccc2)c2cc3c4c(c2)-n2c5ccccc5c5cccc(c52)B4c2cc4c(cc2N3c2ccccc2)N(c2ccccc2)c2cc(N(c3ccccc3)c3ccccc3)cc3c2B4c2cccc4c5ccccc5n-3c24)cc1
Cz-OP-BN.xyz,c1ccc(N2c3cccc4c3B3c5c(cccc5N(c5ccccc5)c5cccc2c53)-c2cc(-n3c5ccccc5c5ccccc53)ccc2-4)cc1
Cz-SCz.xyz,CC(C)Cc1ccc2c(c1)c1cc(CC(C)C)cc3c1n2-c1ccc2c4ccccc4n4c2c1B3c1ccccc1-4
Cz-TBN.xyz,Cc1ccc2c(c1)c1cc(C)cc(-c3ccc(-n4c5ccccc5c5ccccc54)cc3)c1n2-c1cc2c3c(c1)-n1c4c(cc(C)cc4c4cc(C)cc(-c5ccc(-n6c7ccccc7c7ccccc76)cc5)c41)B3c1cc(C)cc3c4ccccc4n-2c13
CzBN-mCz.xyz,Cc1cccc2c3cccc(C)c3n(-c3cc4c5c(c3)-n3c6ccccc6c6cccc(c63)B5c3cccc5c6ccccc6n-4c35)c12
CzBN1.xyz,CC(C)(C)c1ccc2c(c1)c1cc(C(C)(C)C)cc3c1n2-c1cc(N2c4ccccc4Oc4ccccc42)cc2c1B3c1cccc3c4ccccc4n-2c13
CzBN2.xyz,CC(C)(C)c1ccc2c(c1)c1cc(C(C)(C)C)cc3c1n2-c1cc(N2c4ccccc4Oc4ccccc42)cc2c1B3c1cccc3c4ccccc4n-2c13
CzBN3.xyz,CC(C)(C)c1ccc2c(c1)c1cc(C(C)(C)C)cc3c1n2-c1cc(N2c4ccccc4Oc4ccccc42)cc2c1B3c1cc(C(C)(C)C)cc3c4cc(C(C)(C)C)ccc4n-2c13
CzBNBO.xyz,Cc1cc(C)c(N2c3cc(C(C)(C)C)cc4c3B(c3c2cc2c5c3Oc3cc(C(C)(C)C)ccc3B5c3ccc(C(C)(C)C)cc3O2)c2cccc3c5ccccc5n-4c23)c(C)c1
CzBNIDID-DPA.xyz,CC(C)(C)c1ccc(N(c2ccc(C(C)(C)C)cc2)c2ccc3c4c2c2ccccc2n4-c2cccc4c2B3c2cccc3c2n-4c2c4ccccc4n(-c4ccc(C(C)(C)C)cc4)c32)cc1
CzBNIDID.xyz,CC(C)(C)c1ccc(-n2c3ccccc3c3c2c2cccc4c2n3-c2cccc3c2B4c2cc(C(C)(C)C)cc4c5cc(C(C)(C)C)ccc5n-3c24)cc1
CzBNNO.xyz,CC(C)(C)c1ccc(N2c3cccc4c3B(c3c2cc2c5c3Oc3ccccc3N5c3ccccc3O2)c2cc(C(C)(C)C)cc3c5cc(C(C)(C)C)ccc5n-4c23)cc1
CzBNO.xyz,CC(C)(C)c1ccc2c(c1)B1c3c(cccc3-n3c4ccccc4c4cccc1c43)O2
Czp-DiKTa.xyz,O=c1c2ccccc2n2c3ccc(-n4c5ccccc5c5c6ccc(c54)CCc4ccc(cc4)CC6)cc3c(=O)c3cccc1c32
CzP2PO.xyz,O=[P@]1(c2ccccc2)c2ccccc2-n2c3ccccc3c3cccc1c32
CzYCzPhBN.xyz,CC(C)(C)c1ccc2c(c1)c1cc(C(C)(C)C)cc3c1n2-c1cccc2c1B3c1cc3c4ccccc4n(-c4ccccc4)c3c3c4ccccc4n-2c13
DA-BN.xyz,Cc1cc(C)c(N2c3cc4c(cc3B3c5cc6c(cc5N(c5c(C)cc(C)cc5C)c5cc(C)cc2c53)[C@]2(c3ccccc3-6)[C@@H]3C[C@H]5C[C@@H](C3)C[C@@H]2C5)-c2ccccc2[C@]42[C@@H]3C[C@H]4C[C@@H](C3)C[C@@H]2C4)c(C)c1
DABNA-2-DBF.xyz,c1ccc(N2c3ccccc3B3c4ccccc4N(c4ccccc4)c4cc(-c5ccc6oc7ccccc7c6c5)cc2c43)cc1
DABNA-3-DBF.xyz,c1ccc(N2c3ccccc3B3c4ccccc4N(c4ccccc4)c4cc(-c5ccc6c(c5)oc5ccccc56)cc2c43)cc1
DABNA-4-DBF.xyz,c1ccc(N2c3ccccc3B3c4ccccc4N(c4ccccc4)c4cc(-c5cccc6c5oc5ccccc56)cc2c43)cc1
DB-DFN.xyz,Cc1cc(C)c(N2c3cc4c(cc3B3c5ccccc5N5c6ccccc6B6c7cc8oc9ccccc9c8cc7N(c7c(C)cc(C)cc7C)c7cc2c3c5c76)oc2ccccc24)c(C)c1
DB-DFNP.xyz,Cc1cc(C)c(N2c3cc4c(cc3B3c5ccccc5N5c6ccccc6B6c7cc8oc9cc%10ccccc%10cc9c8cc7N(c7c(C)cc(C)cc7C)c7cc2c3c5c76)oc2cc3ccccc3cc24)c(C)c1
DB-DOP.xyz,Cc1cc(C)c(N2c3ccc(Oc4ccccc4)cc3B3c4ccccc4N4c5ccccc5B5c6cc(Oc7ccccc7)ccc6N(c6c(C)cc(C)cc6C)c6cc2c3c4c65)c(C)c1
DB-MO.xyz,c1ccc(N(c2ccccc2)c2cc3c4c(c2)N(c2ccccc2)c2cc5c(cc2B4Oc2ccccc2-3)B2c3ccccc3N(c3ccccc3)c3cc(N(c4ccccc4)c4ccccc4)cc(c32)N5c2ccccc2)cc1
DB-O.xyz,Cc1cc(C)c(N2c3ccccc3B3c4ccccc4N4c5ccccc5B5c6ccccc6N(c6c(C)cc(C)cc6C)c6cc2c3c4c65)c(C)c1
DB-S.xyz,Cc1cc(C)c(N2c3ccccc3B3c4ccccc4N4c5c3c2cc2c5B(c3ccccc3N2c2c(C)cc(C)cc2C)c2ccc3sc5ccccc5c3c24)c(C)c1
DB-SF1.xyz,Cc1cc(C)c(N2c3cc4c(cc3B3c5ccccc5N5c6ccccc6B6c7cc8c(cc7N(c7c(C)cc(C)cc7C)c7cc2c3c5c76)-c2ccccc2[C@]82c3ccccc3-c3ccccc32)[C@@]2(c3ccccc3-c3ccccc32)c2ccccc2-4)c(C)c1
DB-SF2.xyz,Cc1cc(C)c(N2c3cc4c5c6c3B(c3ccccc3N6c3ccccc3B5c3c(ccc5c3-c3ccccc3[C@]53c5ccccc5-c5ccccc53)N4c3c(C)cc(C)cc3C)c3c2ccc2c3-c3ccccc3[C@]23c2ccccc2-c2ccccc23)c(C)c1
DBDS.xyz,Cc1cc(C)c(N2c3cc4sc5ccccc5c4cc3B3c4ccccc4N4c5ccccc5B5c6cc7c(cc6N(c6c(C)cc(C)cc6C)c6cc2c3c4c65)sc2ccccc27)c(C)c1
DBDSe.xyz,Cc1cc(C)c(N2c3cc4[se]c5ccccc5c4cc3B3c4ccccc4N4c5ccccc5B5c6cc7c(cc6N(c6c(C)cc(C)cc6C)c6cc2c3c4c65)[se]c2ccccc27)c(C)c1
DBF-DBN.xyz,Cc1ccc(N2c3ccc(C)cc3B3c4cc5oc6cc7c(cc6c5cc4N(c4c(C)cccc4C)c4cc(-c5ccccc5)cc2c43)N(c2c(C)cccc2C)c2cc(-c3ccccc3)cc3c2B7c2cc(-c4ccccc4)ccc2N3c2ccc(C)cc2)cc1
DBF-Î˝-DABNA.xyz,Cc1ccccc1N1c2cc3c(cc2B2c4ccc(-c5ccccc5)cc4N(c4c(C)cccc4C)c4cc5c(oc6ccccc65)c1c42)B1c2ccc(-c4ccccc4)cc2N(c2c(C)cccc2C)c2cc4c(oc5ccccc54)c(c21)N3c1ccccc1C
DBN-amICz.xyz,CC(C)(C)c1ccc2c(c1)c1cc(C(C)(C)C)cc3c1n2-c1cccc2c1B3c1cc3c4cccc5c4n(c3c3c4ccccc4n-2c13)-c1cccc2c1B5c1cc(C(C)(C)C)cc3c4cc(C(C)(C)C)ccc4n-2c13
DBN-bmICz.xyz,CC(C)(C)c1ccc2c(c1)c1cc(C(C)(C)C)cc3c1n2-c1cccc2c1B3c1cccc3c4cc5c6cccc7c6n(c5cc4n-2c13)-c1cccc2c1B7c1cc(C(C)(C)C)cc3c4cc(C(C)(C)C)ccc4n-2c13
DBN-Pym.xyz,CC(C)(C)c1ccc2c(c1)c1cc(C(C)(C)C)cc3c1n2-c1cc(-c2cc(-c4cc5c6c(c4)-n4c7ccc(C(C)(C)C)cc7c7cc(C(C)(C)C)cc(c74)B6c4cc(C(C)(C)C)cc6c7cc(C(C)(C)C)ccc7n-5c46)ncn2)cc2c1B3c1cc(C(C)(C)C)cc3c4cc(C(C)(C)C)ccc4n-2c13
DBN-PyPym.xyz,CC(C)(C)c1ccc2c(c1)c1cc(C(C)(C)C)cc3c1n2-c1cc(-c2nc(-c4ccccc4)nc(-c4cc5c6c(c4)-n4c7ccc(C(C)(C)C)cc7c7cc(C(C)(C)C)cc(c74)B6c4cc(C(C)(C)C)cc6c7cc(C(C)(C)C)ccc7n-5c46)c2-c2ccccc2)cc2c1B3c1cc(C(C)(C)C)cc3c4cc(C(C)(C)C)ccc4n-2c13
DBNN.xyz,CN1c2cc3c(cc2B2c4c1cccc4-n1c4ccc(C(C)(C)C)cc4c4cc(C(C)(C)C)cc2c41)N(C)c1cccc2c1B3c1cc(C(C)(C)C)cc3c4cc(C(C)(C)C)ccc4n-2c13
DBNO.xyz,Cc1cc(C)c(N2c3cc4c(cc3B3c5ccccc5Oc5cc(C)cc2c53)B2c3ccccc3Oc3cc(C)cc(c32)N4c2c(C)cc(C)cc2C)c(C)c1
DBSeBN.xyz,Cc1cc(C)c(N2c3cc4[se]c5ccccc5c4cc3B3c4cc5c(cc4N(c4c(C)cc(C)cc4C)c4cc(C)cc2c43)[se]c2ccccc25)c(C)c1
DBT-DBN.xyz,Cc1ccc(N2c3ccc(C)cc3B3c4cc5sc6cc7c(cc6c5cc4N(c4c(C)cccc4C)c4cc(-c5ccccc5)cc2c43)N(c2c(C)cccc2C)c2cc(-c3ccccc3)cc3c2B7c2cc(-c4ccccc4)ccc2N3c2ccc(C)cc2)cc1
DBTBN.xyz,Cc1cc(C)c(N2c3cc4sc5ccccc5c4cc3B3c4cc5c(cc4N(c4c(C)cc(C)cc4C)c4cc(C)cc2c43)sc2ccccc25)c(C)c1
DCzBNO.xyz,CC(C)(C)c1ccc2c(c1)B1c3c(ccc(-n4c5ccccc5c5ccccc54)c3O2)-n2c3ccccc3c3cccc1c32
DDiKTa-A.xyz,Cc1ccc(N(c2ccc3c(c2)c(=O)c2cccc4c(=O)c5ccccc5n3c42)c2ccc3c(c2)c(=O)c2cccc4c(=O)c5ccccc5n3c42)cc1
DDiKTa-F.xyz,CC(C)(C)c1ccc2c(c1)c(=O)c1cccc3c(=O)c4cc5c(cc4n2c13)C(C)(C)c1cc2c(cc1-5)c(=O)c1cccc3c(=O)c4cc(C(C)(C)C)ccc4n2c31
DG7.xyz,c1ccc(-n2c3ccccc3c3cc4c(cc32)c2cccc3c2n4-c2cccc4c2B3c2cccc3c5cc6c(cc5n-4c23)c2ccccc2n6-c2ccccc2)cc1
DIDOBNA-N.xyz,Cc1ccc(N(c2cc3c4c(c2)Oc2ccc(C)cc2B4c2cc(C)ccc2O3)c2cc3c4c(c2)Oc2ccc(C)cc2B4c2cc(C)ccc2O3)c(C)c1
DMBNO.xyz,Cc1cc(C)c(-c2ccc3c(c2)Oc2cc(C)cc4c2B3c2cc3c(cc2N4c2c(C)cc(C)cc2C)N(c2c(C)cc(C)cc2C)c2cc(C)cc4c2B3c2ccc(-c3c(C)cc(C)cc3C)cc2O4)c(C)c1
DOBDiKTA.xyz,CC(C)(C)c1ccc2c(c1)B1c3cc(C(C)(C)C)ccc3Oc3c1c(cc1c3c(=O)c3cccc4c(=O)c5cc(C(C)(C)C)ccc5n1c43)O2
DOBFIT.xyz,CC(C)(C)c1ccc(N2c3ccc(C(C)(C)C)cc3B3Oc4cc5c(cc4-c4c3c2cc2c4oc3ccccc32)-c2ccccc2C5(C)C)cc1
DOBFT.xyz,CC(C)(C)c1ccc(N2c3ccc(C(C)(C)C)cc3B3Oc4ccccc4-c4c3c2cc2c4oc3ccccc32)cc1
DOBN.xyz,Cc1cc(C)c(N2c3cc4c(cc3B3c5ccccc5Oc5cc(N(c6ccccc6)c6ccccc6)cc2c53)B2c3ccccc3Oc3cc(N(c5ccccc5)c5ccccc5)cc(c32)N4c2c(C)cc(C)cc2C)c(C)c1
DOBNA-Tol.xyz,Cc1ccccc1-c1ccc2c(c1)Oc1cccc3c1B2c1ccc(-c2ccccc2C)cc1O3
DPA-CzBN.xyz,c1ccc(N(c2ccccc2)c2ccc3c4c2c2ccccc2n4-c2cccc4c2B3c2cccc3c5ccccc5n-4c23)cc1
DPA-tBuPh-BN.xyz,CC[C@H](C)c1ccc(-c2ccc3c4ccc5c6c4n(c3c2)-c2cc(N(c3ccc(C)cc3)c3ccc(C)cc3)cc3c2B6c2c(ccc4c6ccc(-c7ccc([C@@H](C)CC)cc7)cc6n-3c24)C5(c2ccc(C(C)(C)C)cc2)c2ccc(C(C)(C)C)cc2)cc1
DPC.xyz,CC(C)(C)c1ccc2c(c1)B1c3cc(C(C)(C)C)ccc3Oc3c(-c4ccc5c(c4)c4ccccc4n5-c4ccccc4)cc(-c4ccc5c(c4)c4ccccc4n5-c4ccccc4)c(c31)O2
DPQAO-F.xyz,O=c1c2cc(C3(c4ccccc4)c4ccccc4-c4ccccc43)cc3c2n2c4c(cc(C5(c6ccccc6)c6ccccc6-c6ccccc65)cc4c(=O)c4cccc1c42)C3(c1ccccc1)c1ccccc1
DPQAO-M.xyz,Cc1cc2c3c(c1)c(=O)c1cccc4c(=O)c5cc(C)cc(c5n3c14)C2(c1ccccc1)c1ccccc1
DPSi-DBF-BN.xyz,c1ccc([Si]2(c3ccccc3)c3cccc4c3B3c5c(cccc5N(c5ccc6oc7ccccc7c6c5)c5cccc2c53)N4c2ccc3oc4ccccc4c3c2)cc1
DPSi-Ph-BN.xyz,c1ccc(N2c3cccc4c3B3c5c2cccc5[Si](c2ccccc2)(c2ccccc2)c2cccc(c23)N4c2ccccc2)cc1
DQBN.xyz,CC(C)(C)c1ccc2c(c1)c1cc(C(C)(C)C)cc3c1n2-c1cccc2c1B3c1ccc3c4c1N2CCN4c1cccc2c1B3c1cc(C(C)(C)C)cc3c4cc(C(C)(C)C)ccc4n-2c13
Ds-NBN.xyz,CC(C)(C)c1ccc2c(c1)c1cc(C(C)(C)C)cc3c1n2-c1ccc2c4c1B3c1cc(C(C)(C)C)cc3c5cc(C(C)(C)C)cc(c5n-4c13)C21c2ccccc2Sc2ccccc21
Ds-NBO.xyz,CC(C)(C)c1ccc2c(c1)B1c3c(ccc4c3-n3c5c1cc(C(C)(C)C)cc5c1cc(C(C)(C)C)cc(c13)C41c3ccccc3Sc3ccccc31)O2
DSAF-TBCz.xyz,Cc1ccc2c(c1)[C@]1(c3ccccc3-c3ccccc31)c1cc3c4c5c1N2B1c2c-5c5c6c7c2-n2c8c(cc(C(C)(C)C)cc8c8cc(C(C)(C)C)cc1c82)B7c1cc(C(C)(C)C)cc2c7cc(C(C)(C)C)cc(c7n-6c12)B5N4c1ccc(C)cc1[C@]31c2ccccc2-c2ccccc21
DSAF-TBDPA.xyz,Cc1ccc2c(c1)[C@]1(c3ccccc3-c3ccccc31)c1cc3c4c5c1N2B1c2ccccc2N2c6ccccc6B6c7ccccc7N7c8ccccc8B(c8c-5c1c2c6c87)N4c1ccc(C)cc1[C@]31c2ccccc2-c2ccccc21
DSBN.xyz,Cc1cc(C)c(N2c3cc4c(cc3B3c5ccccc5Sc5cc(N(c6ccccc6)c6ccccc6)cc2c53)B2c3ccccc3Sc3cc(N(c5ccccc5)c5ccccc5)cc(c32)N4c2c(C)cc(C)cc2C)c(C)c1
DSeBN.xyz,Cc1cc(C)c(N2c3cc4c(cc3B3c5ccccc5[Se]c5cc(N(c6ccccc6)c6ccccc6)cc2c53)B2c3ccccc3[Se]c3cc(N(c5ccccc5)c5ccccc5)cc(c32)N4c2c(C)cc(C)cc2C)c(C)c1
DSFX-PIM-TRZ.xyz,c1ccc(-n2c(-c3cccc(-c4nc(-c5ccc6c(c5)C5(c7ccccc7Oc7ccccc75)c5ccccc5-6)nc(-c5ccc6c(c5)C5(c7ccccc7Oc7ccccc75)c5ccccc5-6)n4)c3)nc3ccccc32)cc1
DSpDCz.xyz,CC(C)(C)c1ccc2c(c1)c1cc(C(C)(C)C)cc3c1n2-c1ccc2c(c4cccc5c4n2-c2cccc4c2B5c2cccc5c6c(ccc7c6[C@]6(c8ccccc8-c8ccccc86)c6cc(C(C)(C)C)cc8c9cc(C(C)(C)C)ccc9n-7c86)n-4c25)c1[C@]31c2ccccc2-c2ccccc21
DtButHCzB.xyz,CC(C)(C)c1ccc2c(c1)c1cc(C(C)(C)C)cc3c1n2-c1cccc2c1B3c1cc(C(C)(C)C)cc3c4cc(C(C)(C)C)ccc4n-2c13
DtCzB-mDPA.xyz,CC(C)(C)c1ccc2c(c1)c1cc(C(C)(C)C)cc3c1n2-c1cc(-c2cc(N(c4ccccc4)c4ccccc4)cc(N(c4ccccc4)c4ccccc4)c2)cc2c1B3c1cc(C(C)(C)C)cc3c4cc(C(C)(C)C)ccc4n-2c13
DtCzB-mDS.xyz,CC(C)(C)c1ccc2c(c1)c1cc(C(C)(C)C)cc3c1n2-c1cc(-c2cc(Sc4ccccc4)cc(Sc4ccccc4)c2)cc2c1B3c1cc(C(C)(C)C)cc3c4cc(C(C)(C)C)ccc4n-2c13
DtCzBN-CNBT1.xyz,CC(C)(C)c1ccc2c(c1)c1cc(C(C)(C)C)cc3c1n2-c1cc(-c2cc(-n4c5ccccc5c5c6sc7ccccc7c6ccc54)c(C#N)c(-n4c5ccccc5c5c6sc7ccccc7c6ccc54)c2)cc2c1B3c1cc(C(C)(C)C)cc3c4cc(C(C)(C)C)ccc4n-2c13
DtCzBN-CNBT2.xyz,CC(C)(C)c1ccc2c(c1)c1cc(C(C)(C)C)cc3c1n2-c1cc(-c2c(-n4c5ccccc5c5ccc6c7ccccc7sc6c54)cc(C#N)cc2-n2c4ccccc4c4ccc5c6ccccc6sc5c42)cc2c1B3c1cc(C(C)(C)C)cc3c4cc(C(C)(C)C)ccc4n-2c13
DTP.xyz,CC(C)(C)c1ccc2c(c1)B1c3cc(C(C)(C)C)ccc3Oc3c(-c4ccc(N(c5ccccc5)c5ccccc5)cc4)cc(-c4ccc(N(c5ccccc5)c5ccccc5)cc4)c(c31)O2
f-DOANA.xyz,Cc1ccc(N(c2ccc(C)cc2)c2cc3c4c(c2)N(c2cc(C)cc(C)c2)c2cc5c6c(c2B4c2c(cc4c7c2Oc2ccc(C)cc2B7c2cc(C)ccc2O4)N3c2cc(C)cc(C)c2)Oc2ccc(C)cc2B6c2cc(C)ccc2O5)cc1
GBN.xyz,Cc1ccc2c(c1)c1cc(C)ccc1n2-c1cc2c3c(c1)-n1c4ccc(N(c5ccccc5)c5ccccc5)cc4c4cc(N(c5ccccc5)c5ccccc5)cc(c41)B3c1cc(C)cc3c4cc(C)ccc4n-2c13
HAP-2CzBN.xyz,COC1=NC2=NC(c3ccc4c5c3-n3c6ccc(C(C)(C)C)cc6c6cc(C(C)(C)C)cc(c63)B5c3cc(C(C)(C)C)cc5c6cc(C(C)(C)C)ccc6n-4c35)=NC3=NC(c4ccc5c6c4-n4c7ccc(C(C)C)cc7c7cc(C(C)(C)C)cc(c74)B6c4cc(C(C)(C)C)cc6c7cc(C(C)(C)C)ccc7n-5c46)=NC(=N1)N23
HAP-3CzBN.xyz,CC(C)(C)c1ccc2c(c1)c1cc(C(C)(C)C)cc3c1n2-c1cc(C2=NC4=NC(c5ccc6c7c5-n5c8ccc(C(C)(C)C)cc8c8cc(C(C)(C)C)cc(c85)B7c5cc(C(C)(C)C)cc7c8cc(C(C)(C)C)ccc8n-6c57)=NC5=NC(c6ccc7c8c6-n6c9ccc(C(C)(C)C)cc9c9cc(C(C)(C)C)cc(c96)B8c6cc(C(C)(C)C)cc8c9cc(C(C)(C)C)ccc9n-7c68)=NC(=N2)N45)cc2c1B3c1cc(C(C)(C)C)cc3c4cc(C(C)(C)C)ccc4n-2c13
HAP-CzBN.xyz,COc1nc2nc(nc3n2c(n1)nc(n3)OC)c1ccc2c3c1n1c4ccc(cc4c4c1c(B3c1c3n2c2ccc(cc2c3cc(c1)C(C)(C)C)C(C)(C)C)cc(c4)C(C)(C)C)C(C)(C)C
HMAT-BNCz.xyz,CC(C)(C)c1ccc2c(c1)c1cc(C(C)(C)C)cc3c1n2-c1cc(-c2ccc(N4c5ccccc5C(C)(C)c5ccccc54)cc2)cc2c1B3c1cc(C(C)(C)C)cc3c4cc(C(C)(C)C)ccc4n-2c13
IDAD-BNCz.xyz,CC(C)(C)c1ccc2c(c1)c1cc(C(C)(C)C)cc3c1n2-c1cc(-c2ccc4c(c2)C(c2ccccc2)(c2ccccc2)c2cccc5c6ccccc6n-4c25)cc2c1B3c1cc(C(C)(C)C)cc3c4cc(C(C)(C)C)ccc4n-2c13
IDCz-B-I.xyz,c1ccc(-n2c3ccccc3c3cc4c5c(c6ccccc6n5-c5cccc6c5B4c4cccc5c7ccccc7n-6c45)c32)cc1
IDCz-B-II.xyz,c1ccc(-n2c3ccccc3c3cc4c5c(c6ccccc6n5-c5cccc6c5B4c4cc5c7ccccc7n(-c7ccccc7)c5c5c7ccccc7n-6c45)c32)cc1
IDCz-DBS.xyz,c1ccc2c(c1)sc1ccc(-c3cccc4c3c3c5c6ccccc6n6c7ccccc7c(c7c8ccccc8n4c73)c56)cc12
Indo-CzBN.xyz,c1ccc(-n2c3ccccc3c3cc4c5c(c6ccccc6n5-c5cccc6c5B4c4cccc5c7ccccc7n-6c45)c32)cc1
"Indo-tCzBN,.xyz",CC(C)(C)c1ccc2c(c1)c1cc(C(C)(C)C)cc3c1n2-c1cccc2c1B3c1cc3c4ccccc4n(-c4ccccc4)c3c3c4cc(C(C)(C)C)ccc4n-2c13
IPrBN-mCP.xyz,Cc1cc(C)c(N2c3ccc(C(C)C)cc3B3c4cc(C(C)C)ccc4N(c4c(C)cc(C)cc4C)c4cc(N(c5ccc(C(C)(C)C)cc5)c5cc(-n6c7ccccc7c7ccccc76)cc(-n6c7ccccc7c7ccccc76)c5)cc2c43)c(C)c1
IPrBN.xyz,Cc1cc(C)c(N2c3ccc(C(C)C)cc3B3c4cc(C(C)C)ccc4N(c4c(C)cc(C)cc4C)c4cccc2c43)c(C)c1
IPSeZ.xyz,c1ccc2c(c1)[Se]c1cccc3c4ccccc4n-2c13
IPTZ.xyz,c1ccc2c(c1)Oc1cccc3c4ccccc4n-2c13
IPXZ.xyz,c1ccc2c(c1)Oc1cccc3c4ccccc4n-2c13
M-B2Cz.xyz,Cc1cccc(C)c1N1c2cc3c(cc2B2c4c1cc(C(C)(C)C)cc4-n1c4ccccc4c4cccc2c41)c1cc2c(cc1n3-c1ccccc1)N(c1c(C)cccc1C)c1cc(C(C)(C)C)cc3c1B2c1cccc2c4ccccc4n-3c12
m-Cz-DABNA.xyz,Cc1cc2c3c(c1)N(c1ccccc1)c1c(ccc4c1c1ccccc1n4-c1ccccc1)B3c1ccc3c(c1N2c1ccccc1)c1ccccc1n3-c1ccccc1
m-DBCz-isomer.xyz,CC(C)(C)c1cc2c3c(c1)-n1c4ccc(C(C)(C)C)cc4c4cc(C(C)(C)C)cc(c41)B3c1cc(C(C)(C)C)cc3c1N2c1cc(C(C)(C)C)cc2c4cc(C(C)(C)C)ccc4n-3c12
m-DBFSi.xyz,Cc1cccc(C)c1N1c2cc3c(cc2B2c4cc5oc6ccccc6c5cc4N(c4c(C)cccc4C)c4cc(-c5cccc([Si](c6ccccc6)(c6ccccc6)c6ccccc6)c5)cc1c42)B1c2cc4oc5ccccc5c4cc2N(c2c(C)cccc2C)c2cc(-c4cccc([Si](c5ccccc5)(c5ccccc5)c5ccccc5)c4)cc(c21)N3c1c(C)cccc1C
m4O.xyz,CC(C)(C)c1ccc2c(c1)c(=O)c1cc(C(C)(C)C)cc3c4c5c6c(cc4n2c13)c1cc(C(C)(C)C)cc2c(=O)c3cc(C(C)(C)C)cc(c3n6c21)[P@@]5(=O)c1ccccc1
MCNBN.xyz,Cc1ccc2c(c1)c1cc(C)cc3c1n2-c1cc(C#N)cc2c1B3c1cc3c(cc1N2c1c(C)cccc1C)N(c1c(C)cccc1C)c1cc(C#N)cc2c1B3c1cc(C)cc3c4cc(C)ccc4n-2c13
mCz-BN2.xyz,CC(C)(C)c1ccc(N2c3ccc(C(C)(C)C)cc3B3c4cc(-n5c6ccc(C(C)(C)C)cc6c6cc(C(C)(C)C)ccc65)ccc4-n4c5ccccc5c5ccc2c3c54)cc1
mDBIC.xyz,Cc1cc(C)c(B2c3cc4c(cc3-n3c5ccc(C(C)(C)C)cc5c5cc(C(C)(C)C)cc2c53)-n2c3ccc(C(C)(C)C)cc3c3cc(C(C)(C)C)cc(c32)B4c2c(C)cc(C)cc2C)c(C)c1
Me-PABO.xyz,Cc1cccc(C)c1N(c1cc2c3c(c1)N(c1c(C)cccc1C)c1c(ccc4c1oc1ccccc14)B3c1ccc3c(oc4ccccc43)c1N2c1c(C)cccc1C)c1cccc2c1oc1ccccc12
Me-PABS.xyz,Cc1cccc(C)c1N(c1cc2c3c(c1)N(c1c(C)cccc1C)c1c(ccc4c1sc1ccccc14)B3c1ccc3c(sc4ccccc43)c1N2c1c(C)cccc1C)c1cccc2c1sc1ccccc12
Me-t-DABNA-SF.xyz,Cc1cc2c3c(c1)N(c1ccc(C(C)(C)C)cc1-c1ccc4c(c1)C1(c5ccccc5-c5ccccc51)c1ccccc1-4)c1ccc(C(C)(C)C)cc1B3c1cc(C(C)(C)C)ccc1N2c1ccc(C(C)(C)C)cc1
MeCzBN.xyz,Cc1cc(C)c(-c2ccc3c(c2)c2cc(-c4c(C)cc(C)cc4C)cc4c2n3-c2cccc3c2B4c2cc(-c4c(C)cc(C)cc4C)cc4c5cc(-c6c(C)cc(C)cc6C)ccc5n-3c24)c(C)c1
MeODPA-DiKTa.xyz,COc1ccc(N(c2ccc(OC)cc2)c2ccc3c(c2)c(=O)c2cc(N(c4ccc(OC)cc4)c4ccc(OC)cc4)cc4c(=O)c5cc(N(c6ccc(OC)cc6)c6ccc(OC)cc6)ccc5n3c24)cc1
MesB-DIDOBNA-N.xyz,Cc1ccc(N2c3cc4c5c(c3B(c3c(C)cc(C)cc3C)c3c2cc2c6c3Oc3ccc(C)cc3B6c3cc(C)ccc3O2)Oc2ccc(C)cc2B5c2cc(C)ccc2O4)c(C)c1
MesPXZ-tCzBN.xyz,Cc1cc(C)c(-c2ccc3c(c2)Oc2cc(-c4c(C)cc(C)cc4C)cc4c2N3c2cccc3c2B4c2cc(C(C)(C)C)cc4c5cc(C(C)(C)C)ccc5n-3c24)c(C)c1
mono-mx-CzDABNA.xyz,Cc1cccc(C)c1-n1c2ccccc2c2c3c4c(cc21)N(c1ccccc1)c1ccccc1B4c1ccccc1N3c1ccccc1
MR-asym1.xyz,CC(C)(C)c1ccc(N(c2ccc(C(C)(C)C)cc2)c2ccc3c4c2c2ccccc2n4-c2cccc4c2B3c2cc(C(C)(C)C)cc3c5cc(C(C)(C)C)ccc5n-4c23)cc1
MR-asym2.xyz,CC(C)(C)c1ccc(N(c2ccc(C(C)(C)C)cc2)c2ccc3c4c2c2ccccc2n4-c2cccc4c2B3c2cc(-c3ccccc3)cc3c5cc(-c6ccccc6)ccc5n-4c23)cc1
mTDBA-2Ge.xyz,CC(C)(C)c1ccc2c(c1)B1c3cc(C(C)(C)C)ccc3Oc3c(-c4cc[c]([Ge]([c]5ccccc5)([c]5ccccc5)[c]5ccccc5)cc4)cc(-c4cc[c]([Ge]([c]5ccccc5)([c]5ccccc5)[c]5ccccc5)cc4)c(c31)O2
mTDBA-Ge.xyz,CC(C)(C)c1ccc2c(c1)B1c3cc(C(C)(C)C)ccc3Oc3c(-c4cc[c]([Ge]([c]5ccccc5)([c]5ccccc5)[c]5ccccc5)cc4)ccc(c31)O2
NBN.xyz,c1ccc(Oc2cc3c4c(c2)N(c2ccccc2)c2ccccc2B4c2ccccc2N3c2ccccc2)cc1
NBNN1.xyz,CC(C)(C)c1ccc2c(c1)c1cc(C(C)(C)C)cc(-c3cc4c5c(c3)Oc3ccccc3N5c3ccccc3O4)c1n2-c1cc2c3c(c1)-n1c4c(cc(C(C)(C)C)cc4c4cc(C(C)(C)C)cc(-c5cc6c7c(c5)Oc5ccccc5N7c5ccccc5O6)c41)B3c1cc(C(C)(C)C)cc3c4cc(C(C)(C)C)ccc4n-2c13
NBNN2.xyz,CC(C)(C)c1ccc2c(c1)c1cc(C(C)(C)C)cc(-c3cc4c5c(c3)Oc3ccccc3N5c3ccccc3O4)c1n2-c1cc2c3c(c1)-n1c4c(cc(N(c5ccccc5)c5ccccc5)cc4c4cc(N(c5ccccc5)c5ccccc5)cc(-c5cc6c7c(c5)Oc5ccccc5N7c5ccccc5O6)c41)B3c1cc(C(C)(C)C)cc3c4cc(C(C)(C)C)ccc4n-2c13
NBNPO.xyz,CC(C)(C)c1ccc2c(c1)c1cc(C(C)(C)C)cc3c1n2-c1ccc2c4c1B3c1cc(C(C)(C)C)cc3c5cc(C(C)(C)C)cc(c5n-4c13)[P@@]2(=O)c1ccccc1
NBNPS.xyz,CC(C)(C)c1ccc2c(c1)c1cc(C(C)(C)C)cc3c1n2-c1ccc2c4c1B3c1cc(C(C)(C)C)cc3c5cc(C(C)(C)C)cc(c5n-4c13)[P@]2(=S)c1ccccc1
NBNPSe.xyz,CC(C)(C)c1ccc2c(c1)c1cc(C(C)(C)C)cc3c1n2-c1ccc2c4c1B3c1cc(C(C)(C)C)cc3c5cc(C(C)(C)C)cc(c5n-4c13)[P@@]2(=[Se])c1ccccc1
NBO-mSAF..xyz,CC(C)(C)c1ccc2c(c1)c1cc(C(C)(C)C)cc3c1n2-c1cccc2c1B3c1cc(N3c4ccccc4C4(c5ccccc5-c5ccccc54)c4ccccc43)ccc1O2
NBO-pSAF.xyz,CC(C)(C)c1ccc2c(c1)B1c3c(cc(N4c5ccccc5C5(c6ccccc6-c6ccccc65)c5ccccc54)cc3-n3c4ccc(C(C)(C)C)cc4c4cc(C(C)(C)C)cc1c43)O2
NO-DBMR.xyz,c1ccc(N(c2ccccc2)c2cc3c4c(c2)N(c2ccccc2)c2cc5c(cc2B4c2ccccc2N3c2ccccc2)B2c3ccccc3N(c3ccccc3)c3cc(N(c4ccccc4)c4ccccc4)cc(c32)N5c2ccccc2)cc1
NOBNacene.xyz,Cc1cc(C)cc(N2c3cc4c(cc3B(c3c(C)cc(C)cc3C)c3c2cc2c5c3Oc3ccc(C)cc3B5c3cc(C)ccc3O2)B(c2c(C)cc(C)cc2C)c2c(cc3c5c2Oc2ccc(C)cc2B5c2cc(C)ccc2O3)N4c2cc(C)cc(C)c2)c1
o-BNPO.xyz,CC(C)(C)c1ccc2c(c1)c1cc(C(C)(C)C)cc3c1n2-c1cc(-c2ccccc2P(=O)(c2ccccc2)c2ccccc2)cc2c1B3c1cc(C(C)(C)C)cc3c4cc(C(C)(C)C)ccc4n-2c13
OBN.xyz,c1ccc(N(c2ccccc2)c2cc3c4c(c2)N(c2ccccc2)c2ccccc2B4c2ccccc2O3)cc1
ODBN.xyz,c1ccc(N2c3ccccc3B3c4ccccc4N4c5ccccc5B5c6ccccc6Oc6cc2c3c4c65)cc1
OP-BN.xyz,c1ccc(N2c3cccc4c3B3c5c(cccc5N(c5ccccc5)c5cccc2c53)-c2ccccc2-4)cc1
OYCzPhBN.xyz,CC(C)(C)c1ccc2c(c1)B1c3c(cccc3-n3c4ccccc4c4c3c1cc1c3ccccc3n(-c3ccccc3)c14)O2
p-DBFSi.xyz,Cc1cccc(C)c1N1c2cc3c(cc2B2c4cc5oc6ccccc6c5cc4N(c4c(C)cccc4C)c4cc(-c5ccc([Si](c6ccccc6)(c6ccccc6)c6ccccc6)cc5)cc1c42)B1c2cc4oc5ccccc5c4cc2N(c2c(C)cccc2C)c2cc(-c4ccc([Si](c5ccccc5)(c5ccccc5)c5ccccc5)cc4)cc(c21)N3c1c(C)cccc1C
PCP-DiKTa.xyz,O=c1c2ccccc2n2c3ccc(-c4cc5ccc4CCc4ccc(cc4)CC5)cc3c(=O)c3cccc1c32
pCz-BN2.xyz,CC(C)(C)c1ccc(N2c3ccc(C(C)(C)C)cc3B3c4ccc(-n5c6ccc(C(C)(C)C)cc6c6cc(C(C)(C)C)ccc65)cc4-n4c5ccccc5c5ccc2c3c54)cc1
pDBIC.xyz,Cc1cccc(C)c1B1c2cc3c(cc2-n2c4ccc(C(C)(C)C)cc4c4cc(C(C)(C)C)cc1c42)B(c1c(C)cccc1C)c1cc(C(C)(C)C)cc2c4cc(C(C)(C)C)ccc4n-3c12
pFIC.xyz,CC(C)(C)c1cc(-c2cc(-c3ccc4c(c3)c3ccccc3n4-c3ccccc3)c3c(c2)c2cc(-c4cc(C(C)(C)C)cc(C(C)(C)C)c4)cc4c5cc6c(cc5n3c42)c2cccc3c4ccccc4n6c32)cc(C(C)(C)C)c1
pFICz-2CN.xyz,CC(C)(C)c1cc(-c2cc(-c3ccc4c(c3)c3ccccc3n4-c3ccccc3)c3c(c2)c2cc(-c4cc(C(C)(C)C)cc(C(C)(C)C)c4)cc4c5cc6c(cc5n3c42)c2cc(C#N)cc3c4ccccc4n6c32)cc(C(C)(C)C)c1
pFICz-5CN.xyz,CC(C)(C)c1cc(-c2cc(-c3ccc4c(c3)c3ccccc3n4-c3ccccc3)c3c(c2)c2cc(-c4cc(C(C)(C)C)cc(C(C)(C)C)c4)cc4c5cc6c(cc5n3c42)c2cc(C#N)cc3c4ccccc4n6c32)cc(C(C)(C)C)c1
PhBCzBN.xyz,CC(C)(C)c1ccc2c(c1)B1c3c(c4c5c(c3-n3c6ccc(-c7ccccc7)cc6c6cc(-c7ccccc7)cc1c63)Oc1ccc(C(C)(C)C)cc1B5c1cc3ccccc3c3c5c6ccccc6ccc5n-4c13)O2
PhCz-DiKTa.xyz,O=c1c2ccccc2n2c3ccc(-c4ccc5c(c4)c4ccccc4n5-c4ccccc4)cc3c(=O)c3cccc1c32
PhCz-O-DiKTa.xyz,O=c1c2ccccc2n2c3ccc(Oc4ccc5c(c4)c4ccccc4n5-c4ccccc4)cc3c(=O)c3cccc1c32
PhCz-TOSBA.xyz,CC(C)(C)c1ccc2c(c1)B1c3cc(C(C)(C)C)ccc3Sc3cc(-c4ccc5c(c4)c4ccccc4n5-c4ccccc4)cc(c31)O2
PhCzBN.xyz,CC(C)(C)c1ccc2c(c1)B1c3c(c4c(c5c3-n3c6ccc(-c7ccccc7)cc6c6cc(-c7ccccc7)cc(c63)B4c3cc(C(C)(C)C)ccc3O5)-n3c4ccc(-c5ccccc5)cc4c4cc(-c5ccccc5)cc1c43)O2
PhDPA-DiKTa.xyz,O=c1c2cc(N(c3ccc(-c4ccccc4)cc3)c3ccc(-c4ccccc4)cc3)ccc2n2c3ccc(N(c4ccc(-c5ccccc5)cc4)c4ccc(-c5ccccc5)cc4)cc3c(=O)c3cc(N(c4ccc(-c5ccccc5)cc4)c4ccc(-c5ccccc5)cc4)cc1c32
PhPXZ-tCzBN.xyz,CC(C)(C)c1ccc2c(c1)c1cc(C(C)(C)C)cc3c1n2-c1cccc2c1B3c1cc(-c3ccccc3)cc3c1N2c1ccc(-c2ccccc2)cc1O3
Pm-BN.xyz,CC(C)(C)c1ccc2c(c1)c1cc(C(C)(C)C)ccc1n2-c1nc2c3c(n1)-n1c4ccc(C(C)(C)C)cc4c4cc(C(C)(C)C)cc(c41)B3c1cc(C(C)(C)C)cc3c4cc(C(C)(C)C)ccc4n-2c13
PMCNBN.xyz,Cc1ccc2c(c1)c1cc(C)cc3c1n2-c1cc(-c2ccc(C#N)cc2)cc2c1B3c1cc3c(cc1N2c1c(C)cccc1C)N(c1c(C)cccc1C)c1cc(-c2ccc(C#N)cc2)cc2c1B3c1cc(C)cc3c4cc(C)ccc4n-2c13
POABNCz-n-POABNCz.xyz,CC(C)(C)c1ccc2c(c1)c1cc(C(C)(C)C)cc3c1n2-c1cc(-c2cccc4cccc(-c5cc6c7c(c5)-n5c8ccc(C(C)(C)C)cc8c8cc(C(C)(C)C)cc(c85)B7c5cccc7c5N6c5ccccc5O7)c24)cc2c1B3c1cccc3c1N2c1ccccc1O3
pPXSe-BN.xyz,CC(C)(C)c1ccc2c(c1)c1cc(C(C)(C)C)cc3c1n2-c1cc(-c2ccc4c(c2)[Se]c2ccccc2O4)cc2c1B3c1cc(C(C)(C)C)cc3c4cc(C(C)(C)C)ccc4n-2c13
pSeXBN.xyz,Cc1cc(C)c(N2c3cc4[se]c5ccccc5c(=O)c4cc3B3c4cc5c(=O)c6ccccc6[se]c5cc4N(c4c(C)cc(C)cc4C)c4cc(C)cc2c43)c(C)c1
pSeXBNO.xyz,Cc1cc(C)c(N2c3cc4[se]c5ccccc5c(=O)c4cc3B3c4ccc(C)cc4Oc4cc(C)cc2c43)c(C)c1
PXZ-R-BN.xyz,CC(C)(C)c1ccc2c(c1)c1cc(C(C)(C)C)cc3c1n2-c1c2c(c4c5c1N1c6ccccc6Oc6cccc(c61)B5c1cc(C(C)(C)C)cc5c6cc(C(C)(C)C)ccc6n-4c15)N1c4ccccc4Oc4cccc(c41)B23
Py-BN.xyz,CC(C)(C)c1ccc2c(c1)c1cc(C(C)(C)C)ccc1n2-c1cc2c3c(n1)-n1c4ccc(C(C)(C)C)cc4c4cc(C(C)(C)C)cc(c41)B3c1cc(C(C)(C)C)cc3c4cc(C(C)(C)C)ccc4n-2c13
QAO-NB.xyz,O=C(OCc1ccc(-c2cc3c(=O)c4ccccc4n4c5ccccc5c(=O)c(c2)c34)cc1)[C@H]1C[C@@H]2C=C[C@H]1C2
QB-DPA.xyz,Cc1cc(C)c(N2c3cc4c(cc3B3c5ccccc5N5c6ccccc6B6c7c(cc2c3c75)-c2ccccc2N6c2ccccc2)B2c3ccccc3N3c5ccccc5B5c6c(cc(c2c63)N4c2c(C)cc(C)cc2C)-c2ccccc2N5c2ccccc2)c(C)c1
QB-PXZ.xyz,Cc1cc(C)c(N2c3cc4c(cc3B3c5cccc6c5N5c7c(cccc7B7c8c(cc2c3c85)-c2ccccc2N7c2ccccc2)O6)B2c3cccc5c3N3c6c(cccc6B6c7c(cc(c2c73)N4c2c(C)cc(C)cc2C)-c2ccccc2N6c2ccccc2)O5)c(C)c1
QCZ.xyz,O=c1c2ccccc2n2c3ccccc3c(=O)c3cccc1c32
RBN-ICz.xyz,CC(C)(C)c1ccc2c(c1)c1cc(C(C)(C)C)cc3c1n2-c1ccc2c4c1B3c1cccc3c5ccc6c7ccccc7n2c6c5n4c13
S-AX-BN.xyz,CC(C)(C)c1ccc2c(c1)c1cc(C(C)(C)C)cc3c1n2-c1cc(-c2cccc(Sc4ccccc4)c2-c2c(Sc4ccccc4)cccc2-c2cc4c5c(c2)-n2c6ccc(C(C)(C)C)cc6c6cc(C(C)(C)C)cc(c62)B5c2cc(C(C)(C)C)cc5c6cc(C(C)(C)C)ccc6n-4c25)cc2c1B3c1cc(C(C)(C)C)cc3c4cc(C(C)(C)C)ccc4n-2c13
S-DAO.xyz,CC(C)(C)c1ccc2c(c1)c(=O)c1cc(C(C)(C)C)cc3c4c5c6c(cc4n2c13)c1cc(C(C)(C)C)cc2c(=O)c3cc(C(C)(C)C)cc(c3n6c21)C5(c1ccccc1)c1ccccc1
SB-DOP.xyz,Cc1cc(C)c(N(c2ccc(Oc3ccccc3)cc2)c2cc3c4c(c2)N(c2c(C)cc(C)cc2C)c2ccc(Oc5ccccc5)cc2B4c2ccccc2N3c2ccccc2)c(C)c1
SBN-PhPym.xyz,CC(C)(C)c1ccc2c(c1)c1cc(C(C)(C)C)cc3c1n2-c1cc(-c2cc(-c4ccccc4)nc(-c4ccccc4)n2)cc2c1B3c1cc(C(C)(C)C)cc3c4cc(C(C)(C)C)ccc4n-2c13
SFX-2BN.xyz,Cc1ccc(N2c3ccc(C)cc3B3c4cc5c(cc4N(c4c(C)cc(C)cc4C)c4cc(C)cc2c43)Oc2ccccc2C52c3ccccc3-c3ccccc32)cc1
SFX-3BN.xyz,Cc1ccc(N2c3ccc(C)cc3B3c4cc5c(cc4N(c4c(C)cc(C)cc4C)c4cc(C)cc2c43)Oc2ccccc2C52c3ccccc3-c3ccccc32)cc1
SFX-PIM-TRZ.xyz,c1ccc(-c2nc(-c3cccc(-c4nc5ccccc5n4-c4ccccc4)c3)nc(-c3ccc4c(c3)C3(c5ccccc5Oc5ccccc53)c3ccccc3-4)n2)cc1
SO2-AX-BN.xyz,CC(C)(C)c1ccc2c(c1)c1cc(C(C)(C)C)cc3c1n2-c1cc(-c2cccc(S(=O)(=O)c4ccccc4)c2-c2c(-c4cc5c6c(c4)-n4c7ccc(C(C)(C)C)cc7c7cc(C(C)(C)C)cc(c74)B6c4cc(C(C)(C)C)cc6c7cc(C(C)(C)C)ccc7n-5c46)cccc2S(=O)(=O)c2ccccc2)cc2c1B3c1cc(C(C)(C)C)cc3c4cc(C(C)(C)C)ccc4n-2c13
SpAc-DtButHCzB.xyz,CC(C)(C)c1ccc2c(c1)c1cc(C(C)(C)C)cc3c1n2-c1cc(N2c4ccccc4C4(c5ccccc5-c5ccccc54)c4ccccc42)cc2c1B3c1cc(C(C)(C)C)cc3c4cc(C(C)(C)C)ccc4n-2c13
SpAc-tButHCzB.xyz,CC(C)(C)c1cc2c3c(c1)c1c(n3-c3cc(N4c5ccccc5C5(c6ccccc6-c6ccccc65)c5ccccc54)cc4c3B2c2cc(C(C)(C)C)cc3c5c(n-4c23)CCCC5)CCCC1
SpDCz.xyz,CC(C)(C)c1ccc2c(c1)c1cccc3c1n2-c1cccc2c1B3c1cccc3c4c5c(ccc4n-2c13)-n1c2ccc(C(C)(C)C)cc2c2cc(C(C)(C)C)cc(c21)C51c2ccccc2-c2ccccc21
Sym-DiDiKTa.xyz,Cc1cc2c(=O)c3ccccc3n3c4cc5c(=O)c6cc(C)cc7c(=O)c8ccccc8n(c5cc4c(=O)c(c1)c23)c76
t-Bu-Cz-DABNA.xyz,CC(C)(C)c1ccc(-c2cc3c4c(c2)N(c2ccccc2)c2c(ccc5c2c2ccccc2n5-c2ccccc2)B4c2ccc4c(c2N3c2ccccc2)c2ccccc2n4-c2ccccc2)cc1
t-BuCz-DABNA.xyz,CC(C)(C)c1ccc2c(c1)c1cc(C(C)(C)C)ccc1n2-c1cc2c3c(c1)N(c1ccccc1)c1cc4c(cc1B3c1ccccc1N2c1ccccc1)B1c2ccccc2N(c2ccccc2)c2cc(-n3c5ccc(C(C)(C)C)cc5c5cc(C(C)(C)C)ccc53)cc(c21)N4c1ccccc1
t4O.xyz,CC(C)c1cc2c3c(c1)c(=O)c1cc(C(C)C)cc4c5c6c7c(c(c5n3c14)[P@@]2(=O)c1ccccc1)c1cc(C(C)C)cc2c(=O)c3cc(C(C)C)cc(c3n7c21)[P@@]6(=O)c1ccccc1
TAzBN.xyz,c1ccc2c(c1)CCc1ccccc1N2c1cc2c3c(c1)N1c4ccccc4CCc4cccc(c41)B3c1cccc3c1N2c1ccccc1CC3
TB-DO.xyz,Cc1cc(C)c(N2c3cc4c(cc3B3c5cc6c(cc5N(c5c(C)cc(C)cc5C)c5cccc2c53)N(c2ccccc2)c2cccc3c2B6Oc2ccccc2-3)B2Oc3ccccc3-c3cccc(c32)N4c2ccccc2)c(C)c1
tBCQBN.xyz,CC(C)(C)c1ccc2c(c1)c1cc(C(C)(C)C)ccc1n2-c1cccc(N2CCN3c4cccc5c4B(c4cccc2c43)c2cc(C(C)(C)C)cc3c4cc(C(C)(C)C)ccc4n-5c23)c1
tBCzP2PO.xyz,CC(C)(C)c1ccc2c(c1)c1cc(C(C)(C)C)cc3c1n2-c1ccccc1[P@]3(=O)c1ccccc1
TBDON.xyz,Cc1cc(C)c(B2c3cc(C)ccc3N3c4cc5c6c(c4B(c4c(C)cc(C)cc4C)c4cc(C)cc2c43)Oc2ccc(C)cc2B6c2cc(C)ccc2O5)c(C)c1
TBN3.xyz,CC(C)(C)c1ccc(N(c2ccc(C(C)(C)C)cc2)c2ccc3c(c2)c2cc(N(c4ccc(C(C)(C)C)cc4)c4ccc(C(C)(C)C)cc4)cc4c2n3-c2cccc3c2B4c2cc(N(c4ccc(C(C)(C)C)cc4)c4ccc(C(C)(C)C)cc4)cc4c5cc(N(c6ccc(C(C)(C)C)cc6)c6ccc(C(C)(C)C)cc6)ccc5n-3c24)cc1
tBO-4B.xyz,Cc1cc(C)cc(N2c3cc4c5c(c3B3c6ccccc6N6c7ccccc7B7c8c(cc9c%10c8Oc8ccc(C)cc8B%10c8cc(C)ccc8O9)N(c8cc(C)cc(C)c8)c8cc2c3c6c87)Oc2ccccc2B5c2cc(C)ccc2O4)c1
tBO-MX-ICz.xyz,CC(C)(C)c1ccc2c(c1)B1c3cc(C(C)(C)C)ccc3Oc3cc(-c4cccc5c4Oc4c(-c6cc7c8ccccc8n8c9ccccc9c(c6)c78)cccc4C5(C)C)cc(c31)O2
tBu-2BON.xyz,CC(C)(C)c1ccc(N2c3ccc(C(C)(C)C)cc3B3Oc4cccc5c4-c4c3c2cc2c4B(O5)c3cc(C(C)(C)C)ccc3N2c2ccc(C(C)(C)C)cc2)cc1
tBuCzBN-Ph-PSeZ .xyz,CC(C)(C)c1ccc2c(c1)c1cc(C(C)(C)C)cc3c1n2-c1cc(-c2ccc(N4c5ccccc5[Se]c5ccccc54)cc2)cc2c1B3c1cc(C(C)(C)C)cc3c4cc(C(C)(C)C)ccc4n-2c13
tBuCzBN-Ph-PTZ .xyz,CC(C)(C)c1ccc2c(c1)c1cc(C(C)(C)C)cc3c1n2-c1cc(-c2ccc(N4c5ccccc5Sc5ccccc54)cc2)cc2c1B3c1cc(C(C)(C)C)cc3c4cc(C(C)(C)C)ccc4n-2c13
tBuCzBN-Ph-PXZ.xyz,CC(C)(C)c1ccc2c(c1)c1cc(C(C)(C)C)cc3c1n2-c1cc(-c2ccc(N4c5ccccc5Oc5ccccc54)cc2)cc2c1B3c1cc(C(C)(C)C)cc3c4cc(C(C)(C)C)ccc4n-2c13
tBuCzBN-PSeZ.xyz,CC(C)(C)c1ccc2c(c1)c1cc(C(C)(C)C)cc3c1n2-c1cc(N2c4ccccc4[Se]c4ccccc42)cc2c1B3c1cc(C(C)(C)C)cc3c4cc(C(C)(C)C)ccc4n-2c13
tBuCzBN-PTZ.xyz,CC(C)(C)c1ccc2c(c1)c1cc(C(C)(C)C)cc3c1n2-c1cc(N2c4ccccc4Sc4ccccc42)cc2c1B3c1cc(C(C)(C)C)cc3c4cc(C(C)(C)C)ccc4n-2c13
tBuCzBN-PXZ.xyz,CC(C)(C)c1ccc2c(c1)c1cc(C(C)(C)C)cc3c1n2-c1cc(N2c4ccccc4Oc4ccccc42)cc2c1B3c1cc(C(C)(C)C)cc3c4cc(C(C)(C)C)ccc4n-2c13
tBuPQCZ.xyz,CC(C)(C)c1ccc(-c2cc3c(=O)c4cccc5c(=O)c6cc(-c7ccc(C(C)(C)C)cc7)cc7c(c2)c3n(c45)c67)cc1
tButHCzB.xyz,CC(C)(C)c1cc2c3c(c1)c1c(n3-c3cccc4c3B2c2cc(C(C)(C)C)cc3c5c(n-4c23)CCCC5)CCCC1
tCON-2tBuCz.xyz,CC(C)(C)c1ccc2c(c1)c(=O)c1cc(Cc3ccccc3Cn3c4ccc(C(C)(C)C)cc4c4cc(C(C)(C)C)ccc43)cc3c(=O)c4cc(C(C)(C)C)ccc4n2c13
tCON-Cz.xyz,CC(C)(C)c1ccc2c(c1)c(=O)c1cc(-c3ccccc3-n3c4ccccc4c4ccccc43)cc3c(=O)c4cc(C(C)(C)C)ccc4n2c13
tCON.xyz,CC(C)(C)c1ccc2c(c1)c(=O)c1cccc3c(=O)c4cc(C(C)(C)C)ccc4n2c13
TCZBAO.xyz,CC(C)(C)c1ccc2c(c1)c1cc(C(C)(C)C)cc3c1n2-c1cccc2c1B3c1cccc3c(=O)c4ccccc4n-2c13
TCzBN-BP.xyz,CC(C)(C)c1ccc2c(c1)c1cc(C(C)(C)C)cc3c1n2-c1cc(-c2ccc(C(=O)c4ccccc4)cc2)cc2c1B3c1cc(C(C)(C)C)cc3c4cc(C(C)(C)C)ccc4n-2c13
TCzBN-FP.xyz,CC(C)(C)c1ccc2c(c1)c1cc(C(C)(C)C)cc3c1n2-c1cc(-c2ccc4c(c2)-c2ccccc2C4=O)cc2c1B3c1cc(C(C)(C)C)cc3c4cc(C(C)(C)C)ccc4n-2c13
tCzBN-mCz.xyz,Cc1cccc2c3cccc(C)c3n(-c3cc4c5c(c3)-n3c6ccc(C(C)(C)C)cc6c6cc(C(C)(C)C)cc(c63)B5c3cc(C(C)(C)C)cc5c6cc(C(C)(C)C)ccc6n-4c35)c12
tCzBN.xyz,CC(C)(C)c1ccc2c(c1)c1cc(C(C)(C)C)cc3c1n2-c1cccc2c1B3c1cccc3c4ccccc4n-2c13
TCzBNO.xyz,CC(C)(C)c1ccc2c(c1)B1c3c(c(-n4c5ccccc5c5ccccc54)cc(-n4c5ccccc5c5ccccc54)c3-n3c4ccccc4c4cccc1c43)O2
tCzBT1B.xyz,CC(C)(C)c1ccc(N2c3ccc(C(C)(C)C)cc3B3c4c2cccc4-n2c4ccccc4c4c5sc6ccccc6c5cc3c42)cc1
tCzBT2B.xyz,CC(C)(C)c1ccc2c(c1)c1cc(C(C)(C)C)cc3c1n2-c1cccc2c1B3c1cccc3c4ccc5c6ccccc6sc5c4n-2c13
tCzT1B.xyz,CC(C)(C)c1ccc2c(c1)c1cc(C(C)(C)C)cc3c1n2-c1cccc2c1B3c1cc3c4ccccc4sc3c3c4ccccc4n-2c13
TDBA-Ge.xyz,CC(C)(C)c1ccc2c(c1)B1c3cc(C(C)(C)C)ccc3Oc3cc(-c4cc[c]([Ge]([c]5ccccc5)([c]5ccccc5)[c]5ccccc5)cc4)cc(c31)O2
tDPABT1B.xyz,CC(C)(C)c1ccc2c(c1)c1cc(C(C)(C)C)cc3c1n2-c1cccc2c1B3c1cc3c4ccccc4sc3c3c4ccccc4n-2c13
tDPABT2B.xyz,CC(C)(C)c1ccc(N2c3ccc(C(C)(C)C)cc3B3c4c2cccc4-n2c4c3cccc4c3ccc4c5ccccc5sc4c32)cc1
Th-BN.xyz,CC(C)(C)c1ccc2c(c1)c1cc(C(C)(C)C)cc3c1n2-c1csc2c1B3c1cc(C(C)(C)C)cc3c4cc(C(C)(C)C)ccc4n-2c13
Th-Cz-BN3.xyz,CC(C)(C)c1ccc2c(c1)c1cc(C(C)(C)C)cc3c1n2-c1cc(-c2ccccc2)cc2c1B3c1cc3sc4ccccc4c3c3c4cc5c(cc4n-2c13)C(C)(C)CCC5(C)C
Th-Cz-BN6.xyz,CC(C)(C)c1ccc2c(c1)c1cc(C(C)(C)C)cc3c1n2-c1cc(-c2ccccc2)cc2c1B3c1c3c(sc4ccccc43)c(-c3ccccc3)c3c4cc5c(cc4n-2c13)C(C)(C)CCC5(C)C
TIC-BNO.xyz,CC(C)(C)c1ccc2c(c1)B1c3c(cc4c(c3O2)c2cc(C(C)(C)C)cc3c5cc(C(C)(C)C)ccc5n4c32)-n2c3ccc(C(C)(C)C)cc3c3cc(C(C)(C)C)cc1c32
TIC-BO.xyz,CC(C)(C)c1ccc2c(c1)B1c3cc(C(C)(C)C)ccc3Oc3c1c(cc1c3c3cc(C(C)(C)C)cc4c5cc(C(C)(C)C)ccc5n1c43)O2
TIDAD-BNCz.xyz,CC(C)(C)c1ccc2c(c1)c1cc(C(C)(C)C)cc3c1n2-c1cc(-c2ccc4c(c2)C(c2ccccc2)(c2ccccc2)c2cc(C(C)(C)C)cc5c6cc(C(C)(C)C)ccc6n-4c25)cc2c1B3c1cc(C(C)(C)C)cc3c4cc(C(C)(C)C)ccc4n-2c13
TPA-TOSBA.xyz,CC(C)(C)c1ccc2c(c1)B1c3cc(C(C)(C)C)ccc3Sc3cc(-c4ccc(N(c5ccccc5)c5ccccc5)cc4)cc(c31)O2
TPQAO.xyz,O=c1c2ccccc2n2c3ccccc3c(=O)c3cc(-c4c(-c5ccccc5)cccc4-c4ccccc4)cc1c32
tri-mx-CzDABNA.xyz,Cc1cccc(C)c1N1c2ccccc2B2c3ccccc3N(c3c(C)cccc3C)c3c2c1cc1c3c2ccccc2n1-c1c(C)cccc1C
Ts-NBN.xyz,CC(C)(C)c1ccc2c(c1)c1cc(C(C)(C)C)cc3c1n2-c1ccc2c4c1B3c1cc(C(C)(C)C)cc3c5cc(C(C)(C)C)cc(c5n-4c13)C21c2ccccc2C2(c3ccccc3Sc3ccccc32)c2ccccc21
Ts-NBO.xyz,CC(C)(C)c1ccc2c(c1)B1c3c(ccc4c3-n3c5c1cc(C(C)(C)C)cc5c1cc(C(C)(C)C)cc(c13)C41c3ccccc3C3(c4ccccc4Sc4ccccc43)c3ccccc31)O2
TTABN.xyz,Cc1ccc(N(c2ccc(C)cc2)c2cc3c4c(c2)N(c2ccc(C)cc2)c2ccc(C)cc2B4c2cc(C)ccc2N3c2ccc(C)cc2)cc1
TTPQAO.xyz,O=c1c2cc(-c3c(-c4ccccc4)cccc3-c3ccccc3)ccc2n2c3ccc(-c4c(-c5ccccc5)cccc4-c4ccccc4)cc3c(=O)c3cc(-c4c(-c5ccccc5)cccc4-c4ccccc4)cc1c32
ĂŹ_-DABNA-4Cz.xyz,CC(C)(C)c1ccc2c(c1)N1c3cc(-c4ccc(-n5c6ccccc6c6ccccc65)cc4)cc4c3B(c3ccccc3N4c3ccccc3)c3cc4c5c(c31)B2c1ccc(C(C)(C)C)cc1N5c1cc(-c2ccc(-n3c5ccccc5c5ccccc53)cc2)cc2c1B4c1ccccc1N2[C@@H]1C=CC=CC1
Î -CzBN.xyz,Cc1cc(C)c(N2c3cc4c(cc3B3c5c2cc(N(c2ccccc2)c2ccccc2)cc5-n2c5ccc(C)cc5c5cc(C)cc3c52)B2c3c(cc(N(c5ccccc5)c5ccccc5)cc3-n3c5ccc(C)cc5c5cc(C)cc2c53)N4c2c(C)cc(C)cc2C)c(C)c1
Î -CzBN.xyz,Cc1cc(C)c(N2c3cc4c(cc3B3c5c2cc(N(c2ccccc2)c2ccccc2)cc5-n2c5ccc(C)cc5c5cc(C)cc3c52)B2c3c(cc(N(c5ccccc5)c5ccccc5)cc3-n3c5ccc(C)cc5c5cc(C)cc2c53)N4c2c(C)cc(C)cc2C)c(C)c1
Î˛-Cb-tCzBN.xyz,CC(C)(C)c1ccc2c(c1)c1cc(C(C)(C)C)cc3c1n2-c1cccc2c1B3c1cccc3c4ccncc4n-2c13
Îł-Cb-tCzBN.xyz,CC(C)(C)c1ccc2c(c1)c1cc(C(C)(C)C)cc3c1n2-c1cccc2c1B3c1cccc3c4cnccc4n-2c13
Ď_-DABNA-4Cz.xyz,CC(C)(C)c1ccc2c(c1)N1c3cc(-c4ccc(-n5c6ccccc6c6ccccc65)cc4)cc4c3B(c3ccccc3N4c3ccccc3)c3cc4c5c(c31)B2c1ccc(C(C)(C)C)cc1N5c1cc(-c2ccc(-n3c5ccccc5c5ccccc53)cc2)cc2c1B4c1ccccc1N2[C@@H]1C=CC=CC1
Ď‰-DABNA-4CNP.xyz,CC(C)(C)c1ccc2c(c1)N1c3cc(-c4ccc(C#N)cc4)cc4c3B(c3ccccc3N4c3ccccc3)c3cc4c5c(c31)B2c1ccc(C(C)(C)C)cc1N5c1cc(-c2ccc(C#N)cc2)cc2c1B4c1ccccc1N2[C@@H]1C=CC=CC1
Ď‰-DABNA-4TBP.xyz,CC(C)(C)c1ccc(-c2cc3c4c(c2)N2c5cc(C(C)(C)C)ccc5B5c6ccc(C(C)(C)C)cc6N6c7cc(-c8ccc(C(C)(C)C)cc8)cc8c7B(c7ccccc7N8c7ccccc7)c7cc(c2c5c76)B4c2ccccc2N3c2ccccc2)cc1
